Страница,Цел,2010-01,2010-02,2010-03,2010-04,2010-05,2010-06,2010-07,2010-08,2010-09,2010-10,2010-11,2010-12,2011-01,2011-02,2011-03,2011-04,2011-05,2011-06,2011-07,2011-08,2011-09,2011-10,2011-11,2011-12,2012-01,2012-02,2012-03,2012-04,2012-05,2012-06,2012-07,2012-08,2012-09,2012-10,2012-11,2012-12,2013-01,2013-02,2013-03,2013-04,2013-05,2013-06,2013-07,2013-08,2013-09,2013-10,2013-11,2013-12,2014-01,2014-02,2014-03,2014-04,2014-05,2014-06,2014-07,2014-08,2014-09,2014-10,2014-11,2014-12
Цейлонски тигров питон,Тигров питон,0,0,0,0,0,0,0,0,0,0,0,0,0,0,0,0,0,0,0,0,0,0,0,0,0,0,0,0,0,0,0,0,0,0,0,0,0,0,0,39,6,3,4,5,3,3,3,1,4,6,8,9,8,8,15,6,7,2,4,6
Тигров питон,,0,0,0,0,0,0,0,0,0,0,0,0,0,0,0,0,0,0,0,0,0,0,0,0,0,0,0,0,0,0,0,0,0,0,0,0,0,0,0,195,121,107,159,109,117,118,207,129,113,97,118,112,90,125,165,202,146,137,128,134
Мрежест питон,Малайски мрежест питон,0,0,0,0,0,0,0,0,0,0,1,0,0,0,0,0,0,0,0,0,0,0,0,0,0,0,0,0,0,0,0,0,0,0,0,0,0,0,0,9,9,6,4,7,2,11,3,3,13,11,13,15,9,8,12,15,11,10,5,9
Малайски мрежест питон,,144,164,162,135,149,106,67,140,119,171,153,144,171,164,122,94,153,124,163,129,95,130,187,110,145,135,128,131,155,212,185,213,169,139,137,171,136,146,203,181,152,349,182,142,135,141,191,86,105,116,168,118,124,102,137,147,105,116,118,147
Новокаледонски ресничест гекон,Ресничест бананояден гекон,0,0,0,0,0,0,0,0,0,0,0,0,0,0,0,0,0,0,0,0,0,0,0,0,0,8,3,2,1,0,0,0,0,0,0,0,0,2,0,0,1,0,1,0,0,0,0,0,0,0,0,0,0,0,1,0,0,0,0,4
Ресничест бананояден гекон,,0,0,0,0,0,0,0,0,0,0,0,0,0,0,0,0,0,0,0,0,0,0,0,0,0,69,29,38,32,36,34,30,17,43,42,34,54,35,29,37,32,24,33,38,42,36,35,24,27,33,62,32,32,33,35,49,36,34,37,30
Дъгова боа,,0,0,0,0,0,0,0,0,0,0,0,0,0,0,0,0,0,0,0,0,0,0,0,0,0,0,0,0,0,0,0,0,0,0,0,0,0,0,0,64,35,54,49,41,56,47,41,29,24,29,30,35,52,54,63,53,43,33,27,30
Пясъчна боа,,175,171,185,233,337,298,242,338,184,379,247,180,188,228,227,202,310,393,330,235,178,291,271,198,204,187,197,185,270,361,355,253,200,213,207,192,179,179,190,123,274,236,250,201,157,211,154,133,141,135,156,197,320,319,328,219,206,256,166,126
Обикновена боа,Боа удушвач,0,0,0,0,0,0,0,0,0,0,0,0,0,0,0,0,0,0,0,0,0,0,0,0,0,0,0,0,0,0,0,0,0,0,0,0,0,0,0,6,1,7,3,6,5,3,1,3,7,6,10,11,9,12,19,13,11,3,4,5
Боа удушвач,,0,0,0,0,0,0,0,0,0,0,0,0,0,0,0,0,0,0,0,0,0,0,0,0,0,0,0,0,0,0,0,0,0,0,0,0,0,0,0,0,0,104,71,193,158,218,250,192,207,187,253,209,275,183,205,207,203,196,230,213
Игуана,Игуани,330,206,262,238,216,135,193,248,236,460,382,303,488,394,363,384,409,337,377,412,323,678,725,503,678,606,490,390,414,354,358,363,421,545,56,53,65,50,46,59,49,37,32,26,28,53,44,28,34,37,52,57,44,53,40,36,48,55,50,42
Игуани,,0,0,1,0,0,0,0,0,0,0,0,0,0,0,0,0,0,0,0,0,0,0,0,0,0,1,0,0,0,0,1,1,0,115,604,529,729,692,580,468,393,324,384,277,240,479,394,292,287,226,272,255,223,215,194,210,201,344,278,241
Кожеста костенурка,,179,106,102,81,85,94,69,81,82,216,186,127,171,131,116,97,131,93,104,102,108,210,187,149,198,153,168,159,163,180,157,130,105,173,178,157,199,195,211,228,117,73,54,66,80,118,101,76,145,107,186,117,104,106,83,92,88,133,117,73
Крокодилов кайман,Очилат кайман,0,0,0,0,0,0,0,0,0,0,0,0,0,0,0,0,0,0,0,0,0,0,0,0,0,0,0,0,0,11,1,1,3,1,2,3,5,4,0,2,3,2,4,7,3,2,6,4,9,5,7,5,2,6,7,5,4,5,5,7
Очилат кайман,,39,37,40,35,27,13,17,27,25,81,52,54,53,40,58,44,50,64,69,58,62,224,114,64,62,60,122,90,82,50,43,49,57,71,79,90,111,108,89,98,80,57,40,61,77,109,86,72,87,84,106,95,89,84,88,84,78,96,82,59
Сколопендра,Сколопендри,34,58,86,85,127,74,67,127,129,89,55,53,61,45,72,111,163,271,194,165,133,137,106,51,65,38,82,117,194,214,163,142,165,103,48,26,43,52,74,94,144,116,111,116,129,78,73,48,53,35,73,108,196,200,180,158,99,124,64,47
Сколопендри,,50,86,164,134,283,244,305,358,342,312,203,141,154,133,220,236,467,1082,505,460,362,343,222,163,172,169,284,299,780,665,583,575,635,540,230,195,233,229,369,345,1216,967,604,503,478,271,159,108,149,122,180,419,720,1239,1083,1508,860,1056,437,293
Анамски пръчки,Анамска пръчка,0,0,0,0,0,0,0,0,0,0,0,0,0,0,0,0,0,0,0,0,0,0,0,0,0,0,0,0,0,0,0,0,0,0,0,0,0,0,9,4,5,2,7,5,4,3,2,1,4,6,6,7,2,2,7,5,4,1,5,6
Анамска пръчка,,0,0,0,0,0,0,0,0,0,0,0,0,0,0,0,0,0,0,0,0,0,0,0,0,0,0,0,0,0,0,0,0,0,0,0,0,0,0,62,30,49,30,58,33,62,47,52,67,51,52,107,63,49,32,44,55,58,64,41,41
Азиатска хлебарка,,0,0,0,0,0,0,0,0,0,0,0,0,0,0,0,0,0,0,0,0,0,0,0,0,0,0,0,0,0,0,0,0,0,0,0,0,0,0,0,22,28,33,48,28,38,18,18,19,16,17,27,23,29,20,27,29,27,34,11,19
Хамелеон,Хамелеони,28,30,30,39,23,16,10,18,17,50,52,22,32,44,41,35,37,20,30,35,31,52,56,31,37,32,48,30,25,40,23,37,34,83,54,29,42,56,44,46,61,24,34,25,16,50,28,25,39,35,31,20,30,29,33,28,27,50,40,48
Хамелеони,,469,305,351,501,280,333,288,365,305,1040,1320,414,723,490,583,528,421,345,358,421,274,949,734,465,704,544,607,487,619,751,702,672,797,1584,939,732,1167,978,1228,1543,896,853,573,429,323,1118,863,548,689,489,500,533,433,342,268,326,428,955,676,547
Горска дългокрака жаба,Горска жаба,1,0,0,0,2,1,0,5,5,0,0,1,2,3,2,3,2,3,2,1,0,2,7,3,2,2,3,2,5,5,5,6,6,6,5,6,6,4,8,3,7,4,6,11,6,12,6,7,5,17,12,6,10,10,18,11,6,10,9,5
Горска жаба,,56,58,32,44,48,36,25,66,57,96,43,29,52,56,64,46,57,54,45,60,28,116,66,47,61,52,64,56,74,70,65,68,51,99,88,69,99,79,77,67,33,30,66,54,55,101,47,50,65,66,79,66,52,60,58,90,76,112,66,49
Chinchilla lanigera,Малка чинчила,24,18,17,19,14,7,6,20,13,19,11,28,13,26,13,33,23,12,9,12,4,31,31,30,21,28,16,21,8,22,15,15,21,22,25,34,24,18,19,11,17,21,14,10,17,21,12,15,21,16,21,22,18,18,28,15,18,14,20,23
Малка чинчила,,42,44,36,37,32,25,32,66,104,139,184,81,126,41,50,34,43,42,43,39,48,75,78,65,102,104,73,91,84,55,51,66,62,77,81,82,67,72,66,54,52,61,40,45,62,47,39,32,49,50,63,44,41,41,40,46,37,40,30,38
Python molurus bivittatus,Бирмански питон,0,0,0,0,0,0,0,0,0,0,0,0,0,0,0,0,0,0,0,0,0,0,0,0,0,0,0,0,0,0,0,0,0,0,0,0,0,0,0,12,2,1,1,4,5,5,3,6,4,5,9,5,6,8,6,9,2,0,7,5
Бирмански питон,,0,0,0,0,0,0,0,0,0,0,0,0,0,0,0,0,0,1,0,0,0,0,0,0,0,1,0,0,0,0,0,0,0,0,0,4,0,0,0,93,32,44,95,99,88,93,92,62,69,90,132,98,55,84,125,122,115,94,87,101
Python molurus pimbura,Тигров питон,0,0,0,0,0,0,0,0,0,0,0,0,0,0,0,0,0,0,0,0,0,0,0,0,0,0,0,0,0,0,0,0,0,0,0,0,0,0,0,8,0,0,0,4,5,2,4,5,2,3,6,6,3,9,7,6,4,5,5,3
Python regius,Кралски питон,0,0,0,0,0,0,0,0,0,0,0,0,0,0,0,0,0,0,0,0,0,0,0,0,0,0,0,0,0,0,0,0,0,0,8,7,0,0,18,12,20,15,14,9,9,14,11,15,20,17,19,8,19,19,26,23,14,25,14,11
Кралски питон,,0,0,0,0,0,0,0,0,0,0,0,0,0,0,0,0,0,0,0,0,0,0,0,0,0,0,0,0,2,0,0,1,0,0,0,0,0,0,84,41,30,26,105,123,131,187,200,138,177,144,179,146,163,177,202,309,170,161,159,161
Python reticulatus,Малайски мрежест питон,0,0,0,0,0,0,0,0,0,0,2,1,2,0,0,2,0,0,2,0,0,0,5,1,0,2,2,2,2,2,5,0,2,28,21,47,41,13,11,22,21,11,18,14,20,13,16,20,22,17,20,18,14,17,19,19,10,23,16,8
Elaphe guttata,Царевичен смок,0,0,0,0,0,0,0,0,0,0,0,0,0,0,0,2,3,0,0,0,0,0,0,0,3,0,0,0,1,0,1,1,1,2,1,1,2,2,2,2,5,2,5,5,5,6,3,2,4,6,5,7,1,10,8,6,2,6,7,7
Царевичен смок,,0,0,1,1,0,0,0,0,0,0,0,0,0,0,0,65,87,89,99,62,71,74,96,67,68,83,72,76,140,147,159,118,95,123,115,119,147,137,143,160,214,171,145,94,81,82,71,52,58,64,87,106,107,86,120,92,101,93,104,87
Cynomys ludovicianus,,0,0,0,0,0,0,0,0,0,0,0,0,0,0,0,0,0,0,0,0,0,0,0,0,0,0,0,0,0,0,0,0,0,0,0,0,0,0,0,0,0,0,0,0,0,0,0,0,0,0,0,0,0,0,0,0,0,0,0,18
Heterodon nasicus,Западна свиненоса змия,0,0,0,0,0,0,0,0,0,0,0,0,0,0,0,0,0,0,0,0,0,0,0,0,0,0,0,0,0,0,5,0,0,2,0,1,1,0,4,3,0,1,4,5,4,6,2,3,6,6,4,5,4,6,8,5,2,1,6,3
Западна свиненоса змия,,0,0,0,0,0,0,0,0,0,0,0,0,0,0,0,0,0,0,0,0,0,0,0,0,0,0,0,0,0,0,26,22,15,40,29,59,24,27,35,31,20,25,10,20,36,24,15,22,19,25,30,17,24,34,41,33,26,24,25,22
Eunectes notaeus,Жълта анаконда,0,0,0,0,0,0,0,0,0,0,0,0,0,0,0,0,0,0,0,0,0,0,0,0,1,0,0,0,0,7,23,18,19,21,17,34,38,8,19,16,14,17,14,27,17,24,20,10,11,26,11,21,15,15,18,18,15,12,19,18
Жълта анаконда,,0,0,0,0,0,0,0,0,0,0,0,0,0,0,0,0,0,0,0,0,0,1,0,0,0,0,0,0,0,29,59,47,36,60,46,71,45,44,37,50,37,44,35,34,43,33,31,22,40,39,47,40,24,33,64,49,56,46,51,49
Elaphe taeniura,Тънкоопашат смок,0,0,0,0,0,0,0,0,0,0,0,0,0,0,0,0,0,0,0,0,0,0,0,0,0,0,0,0,0,0,0,0,0,0,0,0,0,0,4,3,1,2,6,5,5,10,2,6,7,3,10,9,10,10,22,27,7,6,1,4
Тънкоопашат смок,,0,0,0,0,0,0,0,0,0,0,0,0,0,0,0,0,0,0,0,0,0,0,0,0,0,0,0,0,0,0,0,0,0,0,0,0,0,0,88,37,50,82,45,48,47,35,21,24,34,34,34,29,60,65,56,72,40,41,22,16
Lampropeltis getula californiae,Калифорнийска кралска змия,0,0,0,0,0,0,0,0,0,0,0,0,0,0,0,0,0,0,0,0,0,0,0,0,0,0,0,0,0,0,0,0,0,0,0,0,0,0,0,7,1,2,2,12,5,5,6,5,7,7,13,9,4,7,13,10,6,7,5,5
Калифорнийска кралска змия,,0,0,0,0,0,0,0,0,0,0,0,0,0,0,0,0,0,0,0,0,0,0,0,0,0,0,0,0,0,0,0,0,0,0,0,0,0,0,0,103,51,80,63,97,58,85,73,45,63,55,72,68,59,67,90,91,59,68,88,71
Lampropeltis triangulum sinaloae,Синалоанска кралска змия,0,0,0,0,0,0,0,0,0,0,0,0,0,0,0,1,0,1,0,0,0,0,0,0,0,0,0,1,0,0,0,0,0,0,0,0,0,0,12,7,4,2,6,12,4,6,5,5,5,5,11,14,9,11,16,10,5,7,6,7
Синалоанска кралска змия,,0,0,0,0,0,0,0,0,0,0,0,0,0,0,0,0,0,0,0,0,0,0,0,0,0,0,0,0,0,0,0,0,0,0,0,0,0,0,159,132,58,53,49,63,57,41,48,50,40,53,61,70,75,62,100,79,71,62,75,67
Lampropeltis triangulum campbelli,Кембалова кралска змия,0,0,0,0,0,0,0,0,0,0,0,0,0,0,0,0,0,0,0,0,0,0,0,0,0,0,0,0,0,0,0,0,0,0,0,0,0,0,7,8,3,3,6,8,4,3,4,4,6,7,6,9,3,9,8,9,1,7,3,4
Кембалова кралска змия,,0,0,0,0,0,0,0,0,0,0,0,0,0,0,0,0,0,0,0,0,0,0,0,0,0,0,0,0,0,0,0,0,0,0,0,0,0,0,40,45,38,38,16,29,37,20,24,18,30,29,28,25,20,26,45,34,26,33,28,26
Epicrates cenchria maurus,Колумбийска дъгова боа,0,0,0,0,0,0,0,0,0,0,0,0,0,0,0,0,0,0,0,0,0,0,0,0,0,0,0,0,0,0,0,0,0,0,0,0,0,0,0,8,2,2,5,6,2,7,7,2,7,7,5,7,5,11,17,19,10,14,8,9
Колумбийска дъгова боа,,0,0,0,0,0,0,0,0,0,0,0,0,0,0,0,0,0,0,0,0,0,0,0,0,0,0,0,0,0,0,0,0,0,0,0,0,0,0,0,62,18,29,14,27,39,21,22,14,19,30,36,27,24,46,41,35,42,30,21,26
Epicrates subflavus,Ямайска боа,0,0,0,0,0,0,0,0,0,0,0,0,0,0,0,0,0,0,0,0,0,0,0,0,0,0,0,0,1,3,2,1,1,0,1,0,1,0,1,4,2,2,2,3,2,3,2,6,0,6,5,4,6,9,18,3,0,1,2,4
Ямайска боа,,0,0,0,0,0,0,0,0,0,0,0,0,0,0,0,0,0,0,0,0,0,0,0,0,0,0,0,0,13,37,22,32,23,25,22,27,28,29,30,44,22,30,25,30,43,18,20,17,16,16,28,25,23,32,37,37,32,23,21,16
Boa constrictor,Боа удушвач,4,4,5,2,9,0,1,13,3,3,1,3,2,0,4,2,5,0,5,3,1,10,11,8,2,4,3,3,5,9,6,12,9,10,9,7,6,8,7,6,12,11,9,10,9,9,7,10,6,13,13,19,13,18,25,25,11,13,10,6
Gekko ulikovskii,Виетнамски златен гекон,0,0,0,0,0,0,0,0,0,0,0,0,0,0,0,0,0,0,0,0,0,0,0,0,0,0,0,0,0,0,0,0,0,0,0,0,0,0,7,4,1,4,5,5,4,6,7,5,2,9,4,3,9,8,10,4,1,5,3,8
Виетнамски златен гекон,,0,0,0,0,0,0,0,0,0,0,0,0,0,0,0,0,0,0,0,0,0,0,0,0,0,0,0,0,0,0,0,0,0,0,0,0,0,0,86,27,37,21,21,26,44,41,23,27,26,21,29,19,25,24,21,23,26,40,14,22
Phelsuma standingi,Обикновен дневен мадагаскарски гекон,0,0,0,0,0,0,0,0,0,0,0,0,0,0,0,0,0,0,0,0,0,0,0,0,0,0,0,0,0,0,0,0,0,0,0,0,0,0,0,7,2,3,5,6,5,11,5,5,2,5,6,7,4,9,12,6,1,3,3,7
Обикновен дневен мадагаскарски гекон,,0,0,0,0,0,0,0,0,0,0,0,0,0,0,0,0,0,0,0,0,0,0,0,0,0,0,0,0,0,0,0,0,0,0,0,0,0,0,0,47,24,28,27,31,34,59,40,40,36,34,28,32,21,33,53,48,47,118,47,44
Uromastyx acanthinura,Шипоопашат гущер,0,0,0,0,0,0,0,0,0,0,0,0,0,0,0,0,0,0,0,0,0,0,0,0,0,0,0,0,3,1,2,0,1,0,0,1,2,0,1,4,2,1,4,6,11,3,3,2,2,5,5,3,5,8,10,2,1,3,3,6
Шипоопашат гущер,,0,0,0,0,0,0,0,0,0,0,0,0,0,0,0,0,0,0,0,0,0,0,0,0,0,0,0,0,13,20,20,21,9,25,18,26,42,23,20,28,26,22,14,18,16,21,16,15,18,25,18,15,28,22,32,32,29,28,29,17
Gekko gecko,Гекон токи,0,0,0,0,0,0,0,0,0,0,0,0,0,0,0,0,0,0,0,0,0,0,0,0,0,0,0,0,0,0,0,0,0,0,0,0,0,0,0,7,2,4,5,6,6,6,2,5,7,8,7,6,9,6,11,10,12,7,6,2
Гекон токи,,0,0,0,0,0,0,0,0,0,0,0,0,0,0,0,0,0,0,0,0,0,0,0,0,0,0,0,0,0,0,0,0,0,0,0,0,0,0,0,80,70,65,78,96,96,82,81,90,94,93,106,107,100,90,99,92,111,135,121,96
Hemitheconyx caudicinctus,Дебелоопашат гекон,0,0,0,0,0,0,0,0,0,0,0,0,0,0,0,0,0,0,0,0,0,0,0,0,0,0,0,0,0,0,0,0,0,0,0,0,0,0,5,3,1,0,3,5,7,6,3,2,3,5,6,7,8,7,7,3,1,3,4,4
Дебелоопашат гекон,,0,0,0,0,0,0,0,0,0,0,0,0,0,0,0,0,0,0,0,0,0,0,0,0,0,0,0,0,0,0,0,0,0,0,0,0,0,0,53,26,27,26,25,31,33,42,29,18,21,20,24,21,21,32,31,44,24,27,13,16
Eublepharis macularius,Леопардов гекон,0,0,0,0,0,1,0,0,0,0,0,0,0,0,0,0,0,0,0,0,0,0,0,0,0,0,0,0,0,0,9,1,2,1,1,1,2,0,2,3,5,5,7,8,6,8,3,5,6,7,10,9,9,8,12,9,5,8,9,6
Леопардов гекон,,0,0,0,0,0,0,0,0,0,0,0,0,0,0,0,0,0,0,0,0,0,0,0,0,0,0,0,0,0,0,92,45,60,107,88,97,126,77,109,119,115,141,91,84,196,244,192,202,167,170,173,188,176,153,151,156,149,161,134,148
Pogona vitticeps,,0,0,0,0,0,0,0,0,0,0,0,0,0,0,0,0,0,0,0,0,0,0,0,0,0,0,0,0,0,0,0,0,0,0,0,0,0,0,0,77,39,44,58,36,64,56,56,53,39,51,62,66,47,51,86,57,61,51,56,50
Iguana iguana,Зелена игуана,0,0,0,1,0,0,0,0,0,0,0,1,0,0,0,22,11,1,3,1,0,8,2,2,1,0,1,0,0,2,0,0,0,0,0,0,0,19,20,18,20,21,18,16,19,34,18,26,33,29,25,22,25,28,27,23,18,29,18,20
Зелена игуана,,0,0,0,0,0,0,0,0,0,0,0,0,0,0,0,0,0,0,0,1,0,0,0,1,0,0,1,0,0,0,0,0,0,0,0,0,0,44,58,69,91,76,36,43,60,113,63,58,79,87,87,81,83,76,70,69,65,138,111,64
Varanus dumerilii,Дюмерилов варан,0,0,0,0,0,0,0,0,0,0,0,0,0,0,0,0,0,0,0,0,0,0,0,0,0,0,0,0,0,16,13,16,22,14,22,39,37,18,13,13,20,5,14,12,18,12,11,25,22,13,22,12,13,14,16,9,15,15,12,9
Дюмерилов варан,,0,0,0,0,0,0,0,0,0,0,0,0,0,0,0,0,0,0,0,0,0,0,0,0,0,0,0,0,0,40,39,22,18,25,24,28,30,22,26,18,26,25,27,21,39,31,20,19,23,21,31,30,17,28,26,32,19,20,20,18
Varanus salvator,Воден варан,0,0,0,0,0,0,0,0,0,0,0,0,0,0,0,0,0,0,0,0,0,0,0,0,0,0,0,0,0,0,0,0,1,0,0,0,0,0,8,10,20,12,12,12,13,16,16,21,19,14,28,25,13,22,29,13,19,18,20,10
Воден варан,,0,0,0,0,0,0,0,0,0,0,0,0,0,0,0,0,0,0,0,0,0,0,0,0,0,0,0,0,0,0,0,0,0,0,0,0,0,0,89,51,63,69,90,86,77,79,88,76,62,58,71,61,47,55,55,56,59,60,52,70
Chelonoidis carbonaria,Червенопетниста костенурка,0,0,0,0,0,0,0,0,0,0,0,0,0,0,0,0,0,0,0,0,0,0,0,0,0,0,0,0,0,0,0,0,0,0,0,0,0,0,0,5,0,4,4,5,9,4,8,9,4,12,19,12,17,12,22,19,16,11,9,7
Червенопетниста костенурка,,0,0,0,0,0,0,0,0,0,0,0,0,0,0,0,0,0,0,0,0,0,0,0,0,0,0,0,0,0,0,0,0,0,0,0,0,0,0,0,55,43,44,39,38,53,38,30,35,37,39,41,48,35,57,59,46,66,50,55,39
Pelodiscus sinensis,Китайски трионикс,0,0,0,0,0,0,0,0,0,0,0,0,0,0,0,0,0,0,0,0,0,0,0,0,0,0,0,0,0,0,0,0,0,0,0,0,0,0,0,6,1,5,8,6,9,6,2,10,9,18,24,16,12,10,27,27,10,14,15,7
Китайски трионикс,,0,0,0,0,0,0,0,0,0,0,0,0,0,0,0,0,0,0,0,0,0,0,0,0,0,0,0,0,0,0,0,0,0,0,0,0,0,0,0,64,56,52,44,34,50,38,29,31,26,35,62,46,36,46,52,46,69,63,50,34
Testudo hermanni,Шипоопашата костенурка,34,37,19,57,81,82,89,121,79,68,48,25,47,26,41,43,117,144,146,102,78,66,55,18,31,23,40,48,107,103,68,64,56,54,30,48,48,40,42,34,137,92,69,51,50,49,30,13,20,81,37,50,85,89,114,54,57,60,37,25
Шипоопашата костенурка,,124,126,192,162,231,187,163,258,197,200,152,103,145,127,126,150,222,352,287,258,149,542,314,222,175,130,199,303,391,541,412,316,287,340,286,192,217,208,301,435,471,499,634,435,239,330,274,196,263,258,269,336,349,405,324,304,259,317,297,194
Caiman crocodilus,Очилат кайман,1,2,1,1,4,2,1,2,1,1,1,4,2,3,5,1,4,2,2,1,3,4,4,4,4,1,4,2,4,2,3,0,0,0,0,0,1,2,1,3,1,1,1,3,6,3,4,4,4,5,8,5,5,9,7,8,4,5,4,5
Crocodylus niloticus,Нилски крокодил,3,1,2,5,6,0,1,1,0,1,0,1,2,0,1,1,3,1,3,2,1,2,3,3,2,3,2,3,1,4,1,1,4,3,2,3,1,5,3,4,3,4,8,6,7,8,9,7,12,6,10,9,7,8,10,7,7,11,11,5
Нилски крокодил,,364,225,203,166,139,73,77,125,145,466,311,322,402,278,252,190,178,194,128,145,168,757,437,289,483,304,398,244,225,267,293,254,257,702,453,453,789,478,516,368,302,285,220,209,287,555,341,420,428,344,366,316,239,216,203,212,203,545,391,327
Brachypelma albopilosum,Хондураска къдрокосместа тарантула,0,0,0,0,0,0,0,0,0,0,0,0,0,0,0,0,0,0,0,0,0,0,0,0,0,0,0,0,0,0,0,0,0,0,0,0,0,0,0,8,4,1,8,4,12,5,5,3,5,4,5,5,3,7,12,2,2,4,5,3
Хондураска къдрокосместа тарантула,,0,0,0,0,0,0,0,0,0,0,0,0,0,0,0,0,0,0,0,0,0,0,0,0,0,0,0,0,0,0,0,50,54,36,30,41,43,35,39,47,47,39,44,43,57,54,29,36,39,37,57,50,48,32,30,41,35,34,33,30
Brachypelma smithi,Мексиканска червеноколенеста тарантула,0,0,0,0,0,0,0,0,0,0,0,0,0,0,0,0,0,0,0,0,0,0,0,0,0,0,0,0,0,0,0,0,0,0,0,0,0,0,0,7,2,3,9,13,13,9,9,8,13,12,18,18,12,13,24,21,11,5,4,6
Мексиканска червеноколенеста тарантула,,128,169,202,160,122,119,90,176,153,204,208,164,248,213,303,186,163,187,193,143,116,198,228,180,228,195,397,345,264,234,212,228,211,228,180,233,240,239,309,327,309,185,154,93,129,144,108,98,117,126,172,149,126,101,103,84,77,45,51,65
Brachypelma boehmei,Мексиканска огненокрака тарантула,0,0,0,0,0,0,0,1,0,0,0,0,0,0,0,0,0,0,0,0,0,0,0,0,0,0,0,0,0,0,0,0,0,0,0,0,0,0,0,10,0,3,6,7,7,2,6,7,5,10,3,8,5,9,11,7,4,6,7,4
Мексиканска огненокрака тарантула,,0,0,0,0,0,0,0,0,0,0,0,0,0,0,0,0,0,0,0,0,0,0,0,0,0,0,0,0,0,0,0,0,0,0,0,0,0,0,0,42,33,38,29,31,55,40,30,39,53,32,68,58,55,32,36,46,47,35,43,29
Acanthoscurria geniculata,Гигантска белоколенеста тарантула,0,0,0,0,0,0,0,0,0,0,0,0,0,0,0,0,0,0,0,0,0,0,0,0,0,0,0,0,0,0,0,0,0,0,0,0,0,0,0,7,1,2,3,7,8,6,5,7,6,6,9,6,5,8,7,2,1,2,6,4
Гигантска белоколенеста тарантула,,0,0,0,0,0,0,0,0,0,0,0,0,0,0,0,0,0,0,0,0,0,0,0,0,0,0,0,0,0,0,0,0,0,0,0,0,0,0,0,28,55,40,69,41,45,46,40,44,46,53,53,37,44,48,65,57,47,50,49,55
Cyclosternum fasciatum,Паяк птицеяд,0,0,0,0,0,0,0,0,0,0,0,0,0,0,0,0,0,0,0,0,0,0,0,0,0,0,0,0,0,0,0,0,0,0,0,0,0,0,7,5,3,1,10,6,6,7,6,5,4,10,11,3,12,10,19,13,6,7,5,5
Паяк птицеяд,,0,0,0,0,0,0,0,0,0,0,0,0,0,0,0,0,0,0,0,0,0,0,0,0,0,0,0,0,0,0,0,0,0,0,0,0,0,0,89,82,86,56,66,44,59,56,43,54,60,64,172,70,66,53,54,57,50,53,44,46
Nhandu chromatus,Бразилска червено-бяла тарантула,0,0,0,0,0,0,0,0,0,0,0,0,0,0,0,0,0,0,0,0,0,0,0,0,0,0,0,0,0,0,0,0,0,0,0,0,0,0,3,3,2,2,3,5,6,5,5,3,3,7,7,6,3,13,11,4,2,5,3,6
Бразилска червено-бяла тарантула,,0,0,0,0,0,0,0,0,0,0,0,0,0,0,0,0,0,0,0,0,0,0,0,0,0,0,0,0,0,0,0,0,0,0,0,0,0,0,129,21,28,29,35,31,31,62,27,26,31,32,37,32,26,32,23,23,21,20,16,15
Grammostola rosea,Чилийска роза,0,0,0,0,0,0,0,0,0,0,0,0,0,0,0,0,0,0,0,0,0,0,0,0,0,0,0,0,9,1,1,2,2,0,1,2,1,1,0,2,1,0,6,4,10,5,7,4,8,8,8,7,6,10,3,3,4,7,4,1
Чилийска роза,,0,0,0,0,0,0,0,0,0,0,0,0,0,0,0,0,0,0,0,0,0,0,0,0,0,0,0,0,56,45,53,72,60,45,53,65,46,51,50,73,70,49,48,58,64,45,48,54,56,56,57,52,36,49,65,47,70,46,48,36
Grammostola pulchra,Черна бразилска тарантула,0,0,0,0,0,0,0,0,0,0,0,0,0,0,0,0,0,0,0,0,0,0,0,0,0,0,0,0,0,0,0,0,0,0,0,0,0,0,0,6,1,2,4,8,6,3,3,1,3,5,8,5,8,9,11,8,2,5,6,4
Черна бразилска тарантула,,0,0,0,0,0,0,0,0,0,0,0,0,0,0,0,0,0,0,0,0,0,0,0,0,0,0,0,0,0,0,0,0,0,0,0,0,0,0,0,28,24,25,30,28,43,26,20,29,39,32,47,37,23,38,38,35,29,29,31,45
Scolopendra cingulata,Средиземноморска сколопендра,0,0,0,0,0,0,0,0,0,0,0,0,0,0,0,0,0,0,0,0,0,0,0,0,0,0,0,0,0,0,0,0,0,0,0,0,0,0,0,18,34,26,18,29,26,22,13,17,19,6,23,23,38,29,29,57,26,39,19,11
Средиземноморска сколопендра,,0,0,0,0,0,0,0,0,0,0,0,0,0,0,0,0,0,0,0,0,0,0,0,0,0,0,0,0,0,0,0,0,0,0,0,0,0,0,0,70,205,105,60,61,109,169,163,77,62,76,150,179,156,270,153,237,208,155,45,48
Pandinus imperator,Императорски скорпион,0,0,0,0,0,0,0,0,0,0,0,0,0,0,0,0,0,0,0,28,7,15,8,6,2,6,9,6,5,4,7,12,8,7,5,5,5,7,9,4,8,3,4,6,8,12,6,7,4,10,13,11,6,10,12,29,9,11,11,7
Императорски скорпион,,0,0,0,0,0,0,0,0,0,0,0,0,0,0,0,0,0,0,61,185,54,64,80,62,64,85,110,118,93,86,85,89,112,122,85,130,96,88,265,102,90,87,84,101,82,81,77,60,83,91,149,77,73,68,81,77,73,60,69,64
Medauroidea extradentata,Анамска пръчка,0,0,0,0,0,0,0,0,0,0,0,0,0,0,0,0,0,0,0,0,0,0,0,0,0,0,0,0,0,0,0,0,0,0,0,0,0,0,4,3,1,2,6,5,5,5,2,9,8,5,7,6,6,7,14,12,5,6,4,6
Extatosoma tiaratum,Страшилка,0,0,0,0,0,0,0,0,0,0,0,0,0,0,0,0,0,0,0,0,0,0,0,0,0,0,0,0,0,0,0,0,0,0,0,0,0,0,0,4,1,4,6,6,9,6,7,8,9,18,10,11,9,8,10,9,9,9,10,8
Страшилка,,0,0,0,0,0,0,0,0,0,0,0,0,0,0,0,0,0,0,0,0,0,0,0,0,0,0,0,0,0,0,0,0,0,0,0,0,0,0,0,39,47,40,45,54,54,74,47,35,49,71,55,41,77,53,42,50,51,65,38,33
Blaberus craniifer,Хлебарка Мъртвешка глава,0,0,0,0,0,0,0,0,0,0,0,0,0,0,0,0,0,0,0,0,0,0,0,0,0,0,0,0,3,2,1,0,1,0,1,0,0,2,0,5,0,1,5,9,3,1,4,2,3,3,6,6,2,7,7,2,1,3,3,2
Хлебарка Мъртвешка глава,,0,0,0,0,0,0,0,0,0,0,0,0,0,0,0,0,0,0,0,0,0,0,0,0,0,0,0,0,14,35,35,33,31,30,26,31,16,35,25,31,32,41,38,37,53,20,15,18,13,25,25,21,22,21,25,24,29,38,18,19
Octodon degus,Дегу,0,0,0,0,0,1,1,0,0,0,0,0,0,0,0,0,0,0,0,0,0,0,0,0,0,0,0,0,0,0,0,0,0,0,3,3,3,2,2,3,6,4,6,12,7,5,3,7,8,12,11,9,10,9,9,8,9,11,10,6
Дегу,,0,0,0,0,0,0,0,0,0,0,0,0,0,0,0,0,0,0,0,0,0,0,0,0,0,0,0,0,0,0,0,0,0,0,0,67,157,164,233,251,271,189,206,267,117,149,159,145,137,116,199,230,123,153,150,131,146,142,152,131
Mesocricetus auratus,Златист хамстер,0,0,0,0,0,0,0,0,0,0,0,0,0,0,0,0,0,0,0,0,0,0,0,0,0,0,0,5,1,2,3,10,6,6,4,25,16,7,6,5,3,5,6,7,7,6,10,15,9,10,9,9,7,7,11,10,7,8,5,5
Златист хамстер,,305,237,219,181,129,92,92,161,139,135,132,166,199,144,181,169,130,114,137,123,93,147,165,136,176,139,142,154,110,136,77,100,124,110,103,134,150,144,267,2123,1701,3512,2382,570,192,200,206,206,215,235,252,183,209,178,138,120,114,102,172,121
Atelerix albiventris,Четирипръст таралеж,0,0,0,0,0,0,0,0,0,0,0,0,0,0,0,0,0,0,0,0,0,0,0,0,0,0,0,0,5,1,1,1,2,1,0,2,1,0,0,3,1,1,4,4,4,2,2,3,5,4,7,10,8,7,12,11,10,8,4,3
Четирипръст таралеж,,0,0,0,0,0,0,0,0,0,0,0,0,0,0,0,0,0,0,0,0,0,0,0,0,0,0,0,0,20,33,37,24,41,58,53,83,58,62,45,45,48,50,47,55,76,53,42,45,59,40,40,65,65,57,66,70,74,70,48,50
Bufo viridis,Зелена крастава жаба,2,7,7,4,4,2,1,1,0,6,1,2,1,0,1,2,4,4,4,3,1,15,3,5,4,3,8,2,5,3,3,4,4,13,7,4,8,6,2,6,4,6,4,8,6,9,16,8,7,8,12,15,5,8,14,15,16,16,11,13
Зелена крастава жаба,,124,231,134,146,126,106,63,102,95,363,158,83,135,155,132,119,139,132,156,108,75,290,200,131,134,148,132,169,169,187,173,120,112,310,212,115,158,152,215,201,144,190,156,147,97,234,114,85,140,132,167,169,140,151,144,134,143,334,137,113
Rana dalmatina,Горска жаба,5,3,5,1,5,1,2,5,0,9,1,7,2,1,7,1,6,6,5,3,1,7,5,8,4,8,5,3,2,5,3,5,1,13,3,5,4,3,8,5,10,3,5,11,7,18,6,8,7,9,10,11,8,11,10,10,10,17,7,7
Petaurus breviceps,Захарна торбеста летяща катерица,0,0,0,6,7,0,0,4,4,3,4,2,2,1,3,12,5,0,5,4,1,10,7,10,8,8,5,6,9,7,5,9,9,10,10,42,38,13,5,6,6,11,8,7,10,9,9,13,13,13,13,7,7,8,11,27,13,11,8,9
Захарна торбеста летяща катерица,,0,0,0,148,124,80,58,92,129,214,185,188,225,207,293,861,278,181,198,150,145,241,327,276,393,282,284,277,334,282,261,283,361,319,459,376,510,394,477,386,386,249,193,232,226,326,566,357,465,339,582,297,243,247,271,215,237,266,345,270
Meriones unguiculatus,Монголска песчанка,0,0,0,0,0,0,0,0,0,0,0,0,0,0,0,0,0,0,0,0,0,0,0,0,0,0,0,0,0,0,0,0,0,0,0,0,0,0,14,8,2,3,4,5,4,5,5,7,10,4,9,16,13,7,10,14,9,10,6,5
Монголска песчанка,,0,0,0,0,0,0,0,0,0,0,0,0,0,0,0,0,0,0,0,0,0,0,0,0,0,0,0,0,0,0,0,0,0,0,0,0,0,0,0,5,3,2,0,1,0,0,0,0,0,0,0,0,0,0,2,120,75,54,57,49
Acomys cahirinus,Египетска бодлокожа мишка,0,0,0,0,0,0,0,0,0,0,0,0,0,0,0,0,0,0,0,0,0,0,0,0,0,0,0,0,0,2,2,1,0,1,5,23,22,0,0,4,0,2,2,3,3,6,2,4,3,6,4,3,3,5,9,9,1,5,4,8
Египетска бодлокожа мишка,,0,0,0,0,0,0,0,0,0,0,0,0,0,0,0,0,0,0,0,0,0,0,0,0,0,0,0,0,0,22,20,21,21,25,20,35,28,19,18,17,26,17,19,25,41,23,26,22,15,22,22,18,13,21,24,36,30,19,25,21
Pleurodeles waltl,Испански ребрест тритон,0,0,0,0,0,0,0,0,0,0,0,0,0,0,0,0,0,0,0,0,0,0,0,0,0,0,0,0,0,7,2,1,3,1,0,1,3,1,1,4,1,3,4,7,4,4,3,6,4,7,7,7,5,8,8,6,1,5,3,7
Испански ребрест тритон,,0,0,0,0,0,0,0,0,0,0,0,0,0,0,0,0,0,0,0,0,0,0,0,0,0,0,0,0,0,33,34,19,31,60,30,27,39,32,37,39,26,26,21,30,28,55,24,25,34,40,31,28,25,33,35,29,26,49,31,19
Cavia porcellus,Морско свинче,0,0,0,0,0,1,0,0,0,0,0,0,0,0,0,0,0,0,0,0,0,0,0,0,0,0,0,4,0,3,2,3,15,16,14,22,13,10,8,4,7,8,9,15,15,13,14,7,12,8,14,15,14,16,23,25,21,16,16,7
Морско свинче,,672,520,506,521,480,385,532,837,966,1002,1584,1875,2171,1763,1561,1535,1185,1155,1100,1068,931,1381,1471,1376,2108,1804,1628,1236,1248,1038,872,1020,974,1483,1657,1780,2489,1848,1318,1153,860,875,1044,936,847,1090,1101,1246,1255,1040,1100,877,786,702,641,650,693,674,804,788
Trachycephalus resinifictrix,,0,0,0,0,0,0,0,0,0,0,0,0,0,0,0,0,0,0,0,0,0,0,0,0,0,0,0,0,0,0,0,0,0,0,0,0,0,0,0,0,0,0,0,0,0,0,0,0,0,0,0,0,0,0,0,0,0,0,0,7
Rhacodactylus auriculatus,Ушат новокаледонски гекон,0,0,0,0,0,0,1,0,0,0,0,0,0,0,0,0,0,0,0,0,0,0,0,0,0,0,0,0,0,0,0,0,0,0,0,0,0,0,0,0,0,0,0,0,0,0,0,0,0,0,5,4,1,5,8,1,1,0,5,2
Ушат новокаледонски гекон,,0,0,0,0,0,0,0,0,0,0,0,0,0,0,0,0,0,0,0,0,0,0,0,0,0,28,26,13,18,23,32,31,18,22,29,28,21,28,22,30,22,36,51,38,40,31,13,19,21,14,33,20,17,19,23,35,25,24,16,9
Rhacodactylus ciliatus,Ресничест бананояден гекон,0,0,0,0,0,1,0,0,0,0,0,0,0,0,0,0,0,0,0,0,0,0,0,0,0,8,3,2,1,1,1,2,1,0,2,0,2,2,3,1,1,0,2,6,4,6,3,5,2,4,6,3,1,8,4,2,1,2,3,4
Двугърба камила,,277,190,219,206,174,114,96,145,358,269,305,271,282,236,218,164,130,147,90,102,106,257,282,230,291,233,254,254,205,219,162,137,153,201,266,223,340,205,247,204,115,141,136,141,133,149,188,140,177,148,243,247,194,167,160,176,148,150,175,201
Кафяво личи,Личи,0,0,0,0,0,0,0,0,0,0,0,0,0,0,0,0,0,0,0,0,0,0,0,0,0,0,0,1,0,0,0,0,0,0,0,0,0,0,0,3,4,5,2,8,5,5,7,5,12,3,18,10,10,11,17,17,13,7,6,5
Личи,,1,0,0,0,0,0,1,0,1,1,1,0,2,0,0,0,0,1,0,0,0,2,1,0,0,0,0,0,0,0,0,0,0,0,0,0,0,0,0,29,48,61,33,45,64,28,41,85,717,106,121,70,59,69,76,70,78,49,86,153
Пони,,0,0,0,0,0,0,0,0,0,0,0,0,0,0,0,0,0,0,1,0,1,0,0,0,0,0,0,0,1,0,0,1,0,0,0,0,2,0,0,21,122,144,111,98,143,278,169,166,134,159,192,188,178,169,135,115,155,122,129,116
Домашен як,Як,0,0,0,0,0,0,0,0,0,0,0,0,0,0,0,0,0,0,0,0,0,0,0,0,0,0,0,0,1,0,0,0,0,0,0,0,0,0,0,7,1,2,1,6,2,3,4,1,5,11,10,7,7,10,6,7,1,5,4,4
Як,,309,250,264,310,257,202,235,286,367,379,395,434,495,284,249,252,256,279,230,251,215,309,357,298,358,359,374,298,329,347,325,350,416,386,414,473,519,478,627,413,381,404,350,302,288,379,338,326,322,276,296,313,240,216,202,285,315,256,286,237
Зебра,Зебри,385,327,287,254,178,107,93,139,217,366,461,319,448,454,480,396,350,108,41,64,41,68,89,78,74,88,79,69,61,51,100,41,52,95,75,78,77,56,64,78,72,61,46,51,59,61,83,78,65,65,83,73,76,63,54,56,59,48,66,49
Зебри,,18,7,14,13,10,7,9,10,13,18,11,19,11,10,9,16,13,230,180,155,206,368,547,387,475,465,482,355,349,351,390,294,351,716,548,581,915,982,784,813,669,437,246,198,419,390,454,359,417,417,531,460,322,274,232,204,316,295,402,279
Лама,,0,4,0,88,60,39,38,36,80,74,129,173,356,296,362,328,255,200,230,241,242,286,304,261,341,228,286,159,177,230,120,150,193,202,193,199,216,142,203,190,149,147,81,73,88,107,70,130,125,87,84,56,65,74,66,82,76,65,61,72
Лама (животно),,0,0,0,54,57,47,49,47,102,102,117,128,273,243,283,241,207,189,211,209,177,226,285,246,415,347,432,372,391,364,439,438,476,622,684,626,873,720,871,751,568,530,385,389,418,584,555,549,458,496,499,389,379,326,283,211,280,401,348,351
Американски бизон,Бизон,7,5,3,1,8,3,0,1,7,6,2,4,2,3,4,4,6,2,5,7,1,12,8,5,7,13,12,8,12,11,21,13,13,15,10,9,11,6,5,4,11,6,7,7,8,8,11,3,10,10,15,12,10,15,9,18,17,13,5,8
Бизон,,512,320,297,280,217,177,138,205,329,301,288,263,472,305,357,447,347,269,261,279,278,321,354,338,427,379,352,336,406,445,425,414,515,460,511,508,785,609,605,544,466,430,301,327,370,434,434,326,427,288,348,362,283,242,214,246,461,251,299,264
Ceratotherium simum,Бял носорог,10,7,6,5,14,4,4,4,7,10,7,8,5,8,3,9,6,7,5,11,8,12,13,11,18,17,10,9,11,19,8,16,11,14,23,42,17,26,10,22,15,6,12,9,12,15,15,15,9,6,10,14,15,10,12,11,13,11,10,12
Бял носорог,,117,128,104,98,98,56,46,58,69,99,148,108,132,132,137,102,99,86,75,99,98,129,191,125,177,157,176,115,117,165,131,101,145,116,168,135,169,127,121,131,132,121,92,85,159,98,130,106,106,117,160,161,116,112,83,91,112,109,116,231
Hippopotamus amphibius,Хипопотам,8,2,2,2,5,2,0,3,0,1,1,1,1,0,2,4,1,4,2,2,1,5,6,4,2,4,3,8,3,8,4,5,2,6,10,38,22,9,5,2,3,4,8,8,13,1,2,2,1,9,9,10,6,7,5,15,13,4,5,4
Хипопотам,,484,330,314,251,216,146,133,201,284,446,518,388,627,457,461,497,530,341,293,281,321,508,564,468,531,536,518,443,566,525,440,572,464,634,796,818,1034,852,848,780,695,573,583,519,538,646,712,481,460,450,558,429,337,305,344,309,402,481,557,480
Cervus elaphus,Благороден елен,27,32,20,17,13,16,13,21,30,22,23,31,30,26,24,27,27,23,18,23,18,28,45,52,55,50,36,30,34,22,25,40,41,40,41,44,49,42,36,26,46,46,24,29,33,38,58,42,51,58,77,51,54,53,77,55,47,47,42,41
Благороден елен,,780,697,582,479,408,328,229,463,455,687,818,772,1102,861,867,768,605,649,530,553,456,753,1138,815,1054,921,917,833,871,719,686,739,831,1006,1482,1274,1635,1396,1324,324,690,835,715,646,659,1034,1361,1151,1145,924,937,835,720,668,530,473,760,757,970,884
Ammotragus lervia,Гривест козирог,0,0,0,0,0,0,0,0,0,0,0,0,0,0,0,0,0,0,0,0,0,0,0,0,0,0,0,1,0,0,0,2,0,0,0,0,0,0,0,7,4,5,4,10,9,9,8,9,8,11,11,20,13,13,26,21,14,14,11,10
Гривест козирог,,0,0,0,0,0,0,0,0,0,0,0,0,0,0,0,0,0,0,0,0,0,0,0,0,0,0,0,0,1,0,0,0,0,0,0,0,0,0,0,70,31,29,32,36,43,31,26,38,37,39,49,38,34,42,41,79,60,44,43,44
Kobus leche kafuensis,Личи,0,0,0,0,0,0,0,0,0,0,0,0,0,0,0,0,0,0,0,0,0,0,0,0,0,0,0,0,0,0,0,0,0,0,0,0,0,0,0,2,1,2,4,11,6,4,2,7,6,9,3,5,4,7,14,8,4,5,11,12
Ovis musimon,Муфлон,0,2,2,1,1,0,1,1,1,2,0,1,1,1,1,2,2,1,3,2,0,1,2,3,1,3,9,2,4,3,8,8,9,8,14,6,9,11,13,9,5,8,5,6,6,5,11,9,10,6,13,15,14,8,12,7,9,4,6,4
Муфлон,,596,520,422,295,256,219,134,204,176,350,367,365,527,407,440,435,415,378,351,385,291,415,693,471,615,673,663,511,487,448,446,351,382,797,635,642,690,607,635,621,549,413,284,295,330,548,480,410,481,448,1391,1208,585,506,451,499,332,382,410,342
Ovis aries,Домашна овца,11,7,6,7,8,6,4,5,6,5,3,3,11,5,6,8,16,5,6,12,5,7,9,13,18,19,12,12,9,7,13,17,9,14,8,10,18,21,10,4,20,7,6,21,14,8,13,16,19,26,33,37,27,24,35,29,18,19,20,14
Домашна овца,,367,400,646,333,257,214,141,232,272,326,399,365,638,553,578,676,538,429,467,370,320,616,758,852,1083,959,866,915,908,731,752,1120,806,1117,1314,1320,1592,1634,1627,1604,1535,1139,1001,827,721,1221,1247,1083,1082,1093,1259,1243,1046,611,821,1027,1077,728,1072,1187
Pecari tajacu,Огърличесто пекари,1,0,0,0,0,0,3,0,0,0,0,0,0,0,0,0,0,0,0,0,0,0,0,0,0,0,0,0,0,0,0,0,0,0,0,10,11,7,13,3,2,9,8,10,10,6,2,6,13,11,15,5,11,17,8,8,12,9,17,12
Огърличесто пекари,,0,0,0,0,0,0,0,0,0,0,0,0,0,0,0,0,0,0,0,0,0,0,0,0,0,0,0,1,0,0,0,0,0,0,0,78,48,33,33,51,34,34,18,34,42,32,17,19,32,50,60,43,43,54,59,51,46,33,42,36
Equus ferus caballus,Кон,0,0,0,0,0,0,0,0,0,0,0,0,0,0,0,0,0,0,0,0,0,0,0,0,0,0,0,10,8,15,17,18,25,22,40,41,26,39,62,20,39,30,32,24,26,38,40,24,26,33,42,38,27,33,32,29,30,20,26,24
Кон,,1315,1304,1269,1079,871,611,529,801,856,1081,1106,1048,1635,1545,2018,1332,1459,1514,1056,1042,732,1325,1888,1448,1900,2377,2691,2268,2541,2131,1728,1840,1787,2293,2752,2599,2833,2885,3324,2908,2583,2391,2121,1707,1642,2555,2986,2292,2485,2255,2605,2300,1979,1704,1390,1326,1456,1468,1588,1676
Oryx dammah,Саблерог орикс,0,0,0,0,0,0,0,0,0,0,0,0,0,0,0,0,0,0,0,0,0,0,0,0,0,0,0,0,0,0,0,0,0,0,0,0,0,0,0,9,7,10,4,4,10,9,8,7,16,17,20,15,9,14,21,24,17,18,8,14
Саблерог орикс,,0,0,0,0,0,0,0,0,0,0,0,0,0,0,0,0,0,0,0,0,0,0,0,0,1,0,0,1,0,0,2,0,0,4,0,0,1,0,0,41,37,46,26,45,54,42,72,51,49,70,79,44,61,45,64,66,50,55,60,55
Bos grunniens,Як,29,17,9,16,15,8,15,14,20,19,15,12,16,16,15,20,15,13,20,20,16,31,25,27,28,24,27,19,18,20,15,28,15,25,21,24,31,26,21,13,28,25,16,38,19,23,26,19,24,22,18,28,16,16,18,16,21,19,12,13
Equus quagga,Равнинна зебра,41,40,36,27,24,10,10,20,17,32,45,36,52,43,55,30,46,37,27,25,18,37,64,40,66,62,44,38,7,9,4,6,6,5,4,7,7,6,4,3,4,3,3,2,23,35,37,25,25,39,36,35,31,39,32,24,26,28,29,29
Равнинна зебра,,0,0,0,0,0,0,0,0,0,0,0,0,0,0,0,0,0,0,0,0,0,0,0,0,0,0,0,0,0,0,0,0,0,0,0,0,0,0,0,0,0,0,0,0,19,39,58,36,38,50,107,62,25,41,54,58,56,75,87,65
Lama glama,Лама (животно),1,3,0,0,0,0,0,0,0,0,0,0,0,0,0,0,4,6,12,9,5,16,19,16,11,13,10,8,10,8,7,10,18,17,20,19,21,18,17,13,13,18,7,14,15,19,20,9,14,18,12,9,15,13,15,15,16,13,12,10
Bison bison,Бизон,42,26,11,26,15,12,9,11,10,13,14,9,20,12,27,26,28,12,17,19,17,24,21,22,21,19,23,19,15,18,16,16,23,22,21,25,23,23,24,22,15,25,17,29,23,21,23,19,23,24,27,29,18,23,22,26,40,25,18,21
Dama dama,Елен лопатар,12,18,7,7,12,4,4,9,15,13,7,13,11,10,10,9,11,9,7,18,8,16,24,21,30,24,20,13,17,19,24,32,21,18,23,27,23,32,23,12,23,24,16,32,27,31,32,24,30,39,32,26,29,27,32,18,16,36,26,29
Елен лопатар,,385,273,259,170,139,127,97,147,185,265,296,335,405,314,273,299,289,301,230,261,183,301,447,346,466,409,388,316,358,408,320,311,334,366,487,478,516,405,451,407,354,325,265,266,270,313,409,439,438,340,339,291,255,253,267,240,283,312,340,399
Capreolus capreolus,Сърна,30,28,22,21,17,11,13,15,23,15,30,30,29,22,16,22,35,31,27,39,15,21,37,41,42,47,34,23,25,18,36,47,23,33,40,64,55,31,30,28,33,35,24,43,36,32,36,34,32,36,42,30,33,40,39,40,43,32,32,38
Сърна,,935,644,519,431,392,277,180,356,325,476,665,612,1078,833,674,603,667,545,459,427,374,565,925,759,1005,903,878,791,874,851,534,813,636,1084,1166,1011,1500,1158,1366,1212,1100,960,706,632,623,819,1016,843,984,919,914,751,714,679,591,463,480,642,773,771
Bos taurus,Домашно говедо,27,25,16,18,11,14,27,12,23,24,29,26,30,32,21,23,22,21,37,25,21,35,46,38,45,38,129,22,17,28,14,25,24,43,31,22,37,27,37,16,38,32,18,27,24,21,31,26,23,25,47,37,28,21,33,33,38,20,19,17
Домашно говедо,,719,711,685,579,577,427,358,559,689,721,988,823,1392,1155,976,869,823,873,591,650,593,891,1165,981,1454,1719,1339,1147,1215,1151,1067,1177,1272,1537,1821,1780,2483,2476,2286,2221,1667,1975,395,958,1077,1617,1722,1376,1444,1331,1636,1258,1100,931,894,856,1010,1022,1100,1176
Sus scrofa,Дива свиня,19,16,8,11,7,5,3,5,4,10,11,8,14,7,6,14,9,5,12,8,5,8,11,15,11,17,5,12,8,8,16,14,13,23,24,23,26,28,19,17,14,25,17,21,25,20,18,25,30,34,25,24,20,22,38,33,17,24,19,18
Дива свиня,,848,680,627,578,390,257,223,363,439,686,828,946,1436,995,952,834,793,608,501,552,473,822,1189,1098,1492,1202,1017,849,879,782,650,732,653,1063,1416,1506,1960,2075,2036,1401,1153,982,681,619,657,1368,1575,1139,1181,1101,1115,885,767,640,574,559,625,860,993,951
Dolichotis patagonum,Патагонска мара,0,0,0,0,0,0,0,0,0,0,0,0,0,0,0,0,0,0,0,0,0,0,0,0,0,0,0,0,0,0,0,0,0,0,1,4,1,1,0,4,0,2,5,8,7,2,4,7,11,5,4,5,2,9,9,17,7,3,6,8
Патагонска мара,,0,0,0,0,0,0,0,0,0,0,0,0,0,0,0,0,0,0,0,0,0,0,0,0,0,0,0,1,0,0,0,0,0,0,17,44,52,56,71,67,62,67,55,58,53,68,56,54,67,68,95,74,70,67,72,78,86,61,75,44
Пума,,1160,1159,1214,841,831,586,500,814,730,1141,874,912,1083,959,1126,1007,913,769,673,559,508,824,1078,851,1300,1322,1293,1253,1117,1017,955,936,927,1329,1243,1230,1669,1827,2000,1708,1344,1144,1032,1066,864,1248,1075,946,1096,1189,1103,949,798,687,597,735,638,594,694,653
Амурски тигър,Сибирски тигър,18,10,5,10,7,3,4,1,1,5,12,6,7,6,3,5,5,6,5,2,2,11,7,9,7,13,8,12,5,7,8,7,14,20,15,11,16,13,11,9,18,7,8,19,19,10,11,13,14,14,18,13,14,16,15,12,18,14,9,14
Сибирски тигър,,1010,1122,860,629,508,424,324,460,520,829,906,813,1178,885,878,760,666,560,548,572,421,565,781,727,1093,1183,949,1252,841,771,762,821,738,915,1164,1299,1607,1523,1242,1050,864,747,524,637,559,918,940,780,966,971,1235,860,699,629,480,604,616,646,839,1019
Panthera onca,Ягуар,77,85,52,36,60,39,35,53,42,94,43,70,72,79,70,85,71,65,66,76,41,63,75,78,111,112,101,88,69,75,101,75,89,94,83,128,134,96,72,68,59,58,34,51,44,46,60,51,59,102,78,38,41,32,45,68,36,38,34,57
Ягуар,,918,916,909,645,712,382,363,583,514,670,667,599,1054,758,881,761,660,712,549,566,431,671,832,734,1062,1138,1072,926,878,970,886,885,943,1114,1170,1400,1773,1864,1792,1319,1029,1070,805,824,757,1059,1405,936,1057,1071,1224,850,699,570,482,2512,703,719,642,683
Panthera leo,Лъв,55,77,41,32,34,31,28,38,37,73,41,48,63,57,44,52,46,56,60,59,26,51,96,82,93,91,88,69,41,57,82,80,97,73,71,109,121,101,70,66,65,55,42,41,40,43,42,49,59,78,60,49,45,56,51,51,29,32,37,47
Лъв,,2084,1714,1850,1721,1277,826,729,1007,1248,2691,2605,2039,3257,2246,2457,2376,2018,1395,1213,1058,1016,2468,3021,15468,3436,3216,3298,2848,2696,2610,2384,2199,2347,3755,4158,4196,6333,5491,5566,4945,3722,3025,2177,1837,1725,3376,3309,2313,2894,2944,3078,2562,1912,1557,1099,1193,1492,2184,2128,1892
Panthera pardus saxicolor,Персийски леопард,3,25,7,9,5,8,2,3,4,6,4,11,3,14,6,20,11,3,11,7,11,14,11,10,16,22,14,11,9,8,10,12,15,17,18,39,27,19,13,14,9,6,8,12,6,17,11,4,11,20,23,12,10,10,15,27,8,9,12,9
Персийски леопард,,122,128,107,101,84,66,62,94,89,96,68,99,80,101,80,85,85,118,139,87,95,91,119,102,118,129,124,108,93,87,95,88,85,91,141,152,165,166,126,106,106,142,95,112,98,72,106,93,119,172,101,113,112,101,94,139,104,100,96,92
Puma,Пума АГ,50,53,47,48,48,52,26,33,48,45,63,48,61,45,54,57,70,39,50,32,33,83,62,44,58,68,57,44,59,59,56,52,57,73,50,38,61,51,35,59,72,38,54,68,58,68,50,57,83,132,169,121,139,192,175,134,115,99,98,90
Пума АГ,,371,306,340,225,219,183,154,197,189,209,236,201,221,234,265,274,210,184,192,158,163,358,288,262,270,307,324,312,345,431,231,231,330,398,360,297,325,227,280,329,289,280,155,222,273,323,257,255,312,237,331,300,287,342,303,268,318,302,294,244
Panthera tigris altaica,Сибирски тигър,13,30,13,17,17,11,5,7,8,16,7,20,17,23,13,24,17,8,21,25,28,21,27,28,24,25,23,27,15,17,25,32,27,43,37,67,55,36,30,35,28,30,25,29,24,25,24,19,22,32,31,32,21,18,43,47,32,21,26,41
Panthera pardus orientalis,Амурски леопард,18,29,6,7,7,5,1,6,3,6,1,11,4,17,8,14,11,8,18,8,10,12,11,15,15,17,12,12,8,17,21,17,17,22,20,46,51,27,18,21,17,10,11,17,11,15,42,17,16,23,27,26,9,14,28,25,16,15,12,11
Амурски леопард,,732,1370,329,332,268,622,184,273,279,325,338,366,484,388,332,319,356,198,250,353,198,336,385,423,511,466,424,388,343,321,291,286,263,393,471,469,553,605,466,415,1049,299,261,238,246,321,321,320,423,459,424,311,259,222,212,244,234,233,323,326
Panthera pardus,Леопард,75,71,50,46,45,48,37,54,41,76,50,51,63,61,65,70,61,56,56,63,44,62,80,91,106,121,95,85,48,52,97,58,73,79,88,109,97,94,64,80,52,57,40,54,50,47,46,47,63,78,85,53,38,46,53,53,45,35,42,48
Леопард,,1163,1182,946,828,698,592,617,618,917,1293,1403,1527,1515,1243,1087,1022,989,880,779,827,744,1038,1540,1199,1604,1902,1772,1391,1205,1258,1103,1086,1233,1632,1800,2132,2546,2856,2649,2016,1619,1342,1260,929,1017,1431,1519,1248,1302,1623,1332,1159,845,690,662,1046,806,837,966,841
Semnopithecus entellus,Ханумански лангур,0,0,0,0,0,0,0,0,0,0,0,0,0,0,0,0,0,0,0,0,0,0,0,0,0,4,11,4,4,4,2,4,7,6,7,28,26,8,3,4,10,6,4,8,8,6,3,5,6,6,14,11,5,13,10,7,2,11,9,5
Ханумански лангур,,0,0,0,0,0,0,0,0,0,0,0,0,0,0,0,0,0,0,0,0,0,0,0,0,0,16,34,29,25,28,17,26,39,44,45,38,54,28,37,24,20,22,13,22,42,28,36,23,35,39,54,44,37,42,44,64,47,32,28,31
Cebus apella,Кафяв капуцин,0,0,0,0,0,0,0,0,0,0,0,0,0,0,0,0,0,0,0,0,0,0,0,0,0,6,18,9,7,5,8,15,4,8,12,21,28,14,4,10,7,15,10,9,12,10,9,16,10,15,10,13,15,13,9,12,14,8,18,10
Кафяв капуцин,,0,0,0,0,0,0,0,0,0,0,0,0,0,0,0,0,0,0,0,0,0,0,0,0,0,22,54,35,45,35,39,36,43,27,49,40,63,44,33,31,27,18,35,21,37,31,30,45,29,30,25,35,32,38,36,38,37,22,26,18
Macaca nemestrina,Свинеопашат макак,0,0,0,0,0,0,0,0,0,0,0,0,0,0,0,0,0,1,0,0,0,0,0,0,7,11,5,7,2,3,4,4,6,7,18,30,25,8,4,1,9,10,7,9,5,15,14,12,9,15,10,7,7,17,12,17,14,9,8,4
Свинеопашат макак,,0,0,0,0,0,0,0,0,0,0,0,0,0,0,0,0,0,0,0,0,0,0,0,0,23,38,38,24,26,24,25,28,24,30,31,37,28,34,25,27,24,27,32,28,37,23,38,24,22,24,30,44,28,40,38,51,27,22,21,15
Lemur catta,Котешки лемур,0,3,0,0,0,0,0,0,0,0,0,0,0,1,0,0,0,0,0,0,0,0,0,0,0,7,6,1,2,5,3,8,3,10,9,4,7,8,12,4,3,6,3,5,3,3,5,8,12,6,6,8,10,13,11,7,5,9,5,4
Котешки лемур,,0,0,2,0,0,0,1,0,0,0,0,0,1,2,0,0,0,1,0,0,0,0,0,0,0,33,142,134,129,202,155,192,206,1845,1046,457,547,646,702,530,467,486,484,266,383,467,551,253,320,301,315,505,362,340,311,349,420,436,341,322
Varecia variegata,Черно-бял гривест лемур,0,3,0,0,0,0,0,0,0,0,0,0,0,0,0,0,0,0,0,0,0,0,0,0,0,0,0,4,0,3,0,2,3,6,17,30,28,6,5,1,3,10,7,11,7,9,1,4,7,11,7,5,10,10,8,8,8,9,11,7
Черно-бял гривест лемур,,0,0,0,0,0,0,0,0,0,0,0,0,0,0,0,0,0,0,0,0,0,0,0,0,0,22,31,21,30,34,22,23,38,58,65,32,89,100,94,111,121,30,22,65,85,99,82,70,52,49,50,34,42,36,38,38,40,57,31,26
Papio hamadryas,Мантиест павиан,0,0,0,0,0,1,0,0,0,0,0,0,0,0,0,0,0,0,0,0,0,0,0,0,0,7,20,11,5,5,6,10,9,21,15,11,12,19,20,11,11,9,12,15,9,18,13,13,21,19,17,18,10,15,16,12,15,8,16,11
Мантиест павиан,,0,0,0,0,0,0,0,0,0,0,0,0,0,0,0,0,0,0,0,0,0,0,0,0,0,32,34,41,36,35,32,51,42,68,71,65,63,63,58,44,44,49,39,48,44,44,48,68,56,50,58,63,46,45,54,70,60,51,49,42
Callithrix geoffroyi,Мармозетка на Жофроа,0,0,0,0,0,0,0,0,0,0,0,0,0,0,0,0,0,0,0,0,0,0,0,0,10,10,16,8,9,4,7,14,5,10,10,23,17,10,8,5,9,9,8,11,9,13,6,8,8,9,13,12,5,13,14,14,10,12,11,9
Мармозетка на Жофроа,,0,0,0,0,0,0,0,0,0,0,0,0,0,0,0,0,0,0,0,0,0,0,0,0,0,0,0,0,0,0,0,0,0,0,0,0,0,0,0,0,0,0,0,0,0,0,0,0,0,0,0,0,0,0,27,53,73,40,38,67
Cebuella pygmaea,Джуджевидна мармозетка,0,0,0,0,0,0,0,0,0,0,0,0,0,0,0,0,0,0,0,0,0,0,0,4,15,15,5,2,5,3,3,13,9,14,8,36,40,5,7,7,7,8,8,15,8,14,8,12,16,11,14,14,11,18,10,8,8,12,11,7
Джуджевидна мармозетка,,0,0,0,0,0,0,0,0,0,0,0,0,0,0,0,0,0,0,0,0,0,0,0,0,204,320,206,204,256,250,291,267,332,431,459,413,771,612,641,458,589,364,375,301,208,437,637,492,342,293,333,293,283,219,261,206,217,225,311,277
Chlorocebus aethiops,Зелена морска котка,0,0,0,0,0,0,0,0,0,0,0,0,0,0,0,0,0,0,0,0,0,0,0,6,12,4,10,10,6,8,7,8,10,10,8,35,24,12,3,6,9,6,8,8,9,7,5,4,6,11,11,9,10,7,13,11,8,6,5,5
Зелена морска котка,,0,0,0,0,0,0,0,0,0,0,0,0,0,0,0,0,0,0,0,0,0,0,0,29,98,77,54,39,36,59,95,92,127,112,88,94,121,149,88,35,86,96,93,116,106,97,68,68,91,70,93,100,79,78,91,91,155,103,73,178
Macaca mulatta,Макак резус,0,0,0,0,0,0,0,0,0,0,0,0,0,0,0,0,0,1,0,0,0,0,0,1,0,4,8,7,6,4,7,4,10,6,10,4,9,8,4,2,4,8,5,9,10,8,10,11,11,13,29,25,15,15,19,24,14,12,11,11
Макак резус,,0,0,1,0,0,0,0,0,0,0,0,0,0,0,0,0,0,1,0,0,0,0,3,0,0,123,91,85,82,76,93,98,80,92,100,104,96,88,74,92,82,83,75,77,110,73,97,86,92,101,103,97,79,81,99,104,103,84,89,79
Eulemur rufifrons,Червенолик лемур,0,0,0,0,0,0,0,0,0,0,0,0,0,0,0,0,0,0,0,0,0,0,0,0,0,5,6,0,1,3,1,3,2,4,4,27,22,4,2,4,2,2,2,5,2,7,4,3,1,4,8,6,2,8,7,3,1,2,2,7
Червенолик лемур,,0,0,0,0,0,0,0,0,0,0,0,0,0,0,0,0,0,0,0,0,0,0,0,0,0,18,23,22,8,21,27,17,24,40,44,36,39,29,25,32,21,24,21,22,32,18,10,33,21,26,25,19,13,21,27,33,35,46,26,14
Eulemur collaris,Огърличест лемур,0,0,0,0,0,0,0,0,0,0,0,0,0,0,0,0,0,0,0,0,0,0,0,0,8,12,9,1,4,5,1,4,5,10,24,29,29,5,4,2,3,9,7,3,3,6,8,7,6,6,6,15,5,9,4,4,5,8,5,6
Огърличест лемур,,0,0,0,0,0,0,0,0,0,0,0,0,0,0,0,0,0,0,0,0,0,0,0,0,32,47,41,26,25,31,20,26,32,69,49,24,27,25,23,31,20,45,54,22,43,40,68,26,46,18,46,48,25,32,42,34,50,56,36,27
Varecia rubra,Червен гривест лемур,0,3,0,0,0,1,0,0,0,0,0,0,0,0,0,0,0,0,0,0,0,0,0,5,4,5,4,2,4,6,2,7,2,10,6,20,8,4,3,3,7,6,7,8,6,7,5,9,8,11,9,18,9,12,16,21,20,15,13,9
Червен гривест лемур,,0,0,0,0,0,0,0,0,0,0,0,0,0,0,0,0,0,0,0,0,0,0,0,58,98,69,50,57,44,104,58,94,76,364,161,54,59,57,61,71,106,70,32,53,89,80,99,66,79,83,50,51,39,42,62,67,58,75,72,54
Hylobates lar,Белорък гибон,0,0,0,0,0,0,0,0,0,0,0,0,0,0,0,0,0,0,0,0,0,0,0,0,9,19,8,4,6,7,1,12,3,14,17,8,20,9,4,7,8,12,7,11,8,12,5,7,17,15,16,10,5,12,14,14,8,19,13,10
Белорък гибон,,0,0,0,0,0,0,0,0,0,0,0,0,0,0,0,0,0,0,0,0,0,0,0,0,75,88,69,48,50,72,45,76,59,83,74,63,73,71,58,112,77,35,46,57,89,42,64,42,63,56,54,53,84,74,67,62,98,65,79,43
Macaca silenus,Гривест макак,0,0,0,1,0,0,0,0,0,0,0,0,0,0,0,0,0,1,0,0,0,0,0,0,6,29,12,8,3,3,1,3,5,6,11,4,6,6,5,3,6,6,8,7,6,13,4,12,11,17,17,8,9,16,28,22,13,14,14,5
Гривест макак,,0,0,0,0,0,0,0,0,0,0,0,0,0,0,0,0,0,0,0,0,0,0,0,0,33,54,27,33,28,35,23,27,24,57,53,31,26,24,40,27,33,27,19,22,41,22,21,16,31,31,29,26,28,45,32,46,37,31,37,30
Ursus americanus,Американска черна мечка,64,75,41,32,53,32,39,62,50,42,60,55,67,42,54,48,61,41,46,59,32,65,64,63,99,73,74,64,41,50,45,51,62,51,68,81,73,67,75,40,32,53,29,48,32,41,46,42,47,34,43,37,50,33,41,36,27,26,46,27
Американска черна мечка,,0,0,0,0,0,0,0,0,0,0,0,0,0,0,0,0,0,0,0,0,0,0,0,0,57,121,143,181,169,141,162,161,180,157,211,257,207,221,263,176,204,170,89,123,172,175,140,147,133,131,217,143,161,155,128,148,147,144,166,136
Ursus arctos horribilis,Гризли,0,0,0,0,0,0,0,0,0,0,0,0,0,0,0,0,0,0,0,0,0,0,0,0,0,0,0,4,1,3,2,3,10,8,13,30,31,6,8,9,10,6,5,9,5,10,10,13,14,14,25,15,14,9,22,22,18,12,13,7
Гризли,,409,366,338,311,292,173,233,325,210,456,341,387,618,401,439,407,390,339,376,333,218,330,509,407,548,472,456,454,452,380,455,463,376,389,642,672,879,755,880,722,580,554,413,526,336,568,538,465,586,413,488,432,436,298,322,296,422,385,396,396
Ursus thibetanus,Хималайска мечка,54,66,45,37,55,31,32,54,36,54,65,64,62,42,59,51,48,41,46,45,33,66,71,62,80,60,71,60,38,40,58,66,65,51,63,81,94,83,69,45,45,53,23,46,32,38,40,43,51,42,53,48,36,46,61,41,34,35,37,37
Хималайска мечка,,0,1,1,1,0,0,0,0,0,0,0,0,0,0,0,0,0,0,0,0,0,0,0,1,28,30,34,72,124,102,151,127,136,123,175,203,182,168,196,142,132,113,88,104,125,138,165,104,125,110,186,136,111,144,157,153,167,123,171,161
Ursus arctos arctos,Евроазиатска кафява мечка,0,0,0,0,0,0,0,0,0,0,0,0,0,0,0,0,0,0,0,0,0,0,0,0,0,5,0,0,2,1,2,2,3,3,3,28,11,6,7,4,6,3,4,12,8,14,7,4,8,9,17,5,10,4,8,10,7,10,9,15
Евроазиатска кафява мечка,,0,0,0,0,0,0,0,0,0,0,0,0,0,0,0,0,0,0,0,0,0,0,0,0,0,58,57,76,68,47,62,87,90,72,138,174,187,133,159,128,104,123,82,96,109,129,121,87,109,96,115,126,112,107,125,137,167,130,151,99
Aquila chrysaetos,Скален орел,133,131,89,109,116,77,66,110,107,96,66,72,102,104,86,83,91,79,77,53,68,69,99,89,143,120,101,82,70,75,67,67,60,92,109,123,144,92,90,94,81,74,65,68,64,71,78,59,98,89,165,105,78,77,84,64,59,55,73,78
Скален орел,,1179,1217,997,952,766,396,316,542,588,899,934,743,1498,1255,1097,923,844,684,483,467,395,809,1203,944,1529,1572,1620,1304,1129,812,601,720,655,917,1085,1155,1524,1554,1242,1212,959,695,479,445,469,686,721,673,1042,1224,1299,893,721,549,433,403,445,643,829,652
Neophron percnopterus,Египетски лешояд,32,24,28,23,22,12,18,15,17,16,21,12,24,17,24,25,21,16,18,23,12,23,31,31,36,27,39,19,28,25,20,23,16,31,36,41,48,27,28,32,29,18,20,21,16,25,26,16,23,24,28,27,14,24,28,28,27,24,27,25
Египетски лешояд,,208,270,215,207,224,123,55,97,111,178,287,198,261,279,264,444,298,209,125,108,133,209,301,223,333,363,427,331,464,305,198,178,178,233,299,196,349,331,331,435,310,267,191,144,161,205,269,186,311,313,282,310,226,184,146,118,155,146,288,199
Buteo buteo,Обикновен мишелов,81,96,48,45,47,28,30,51,37,36,31,25,71,45,51,61,43,40,41,49,35,35,62,61,94,118,77,55,61,55,55,56,38,25,57,58,72,52,43,58,42,35,54,45,35,25,28,26,40,36,50,41,37,38,41,28,25,25,39,41
Обикновен мишелов,,201,148,134,104,115,87,64,98,132,139,192,150,266,171,162,168,174,144,118,139,80,162,203,168,239,224,220,196,198,227,251,219,179,174,247,261,326,256,247,217,180,194,248,227,206,168,221,198,271,279,190,224,195,177,169,138,147,155,196,109
Buteo rufinus,Белоопашат мишелов,69,62,29,21,30,15,21,32,23,24,23,18,55,36,32,50,32,33,33,30,31,36,53,53,49,84,59,38,42,35,34,31,27,27,42,46,52,53,46,45,38,25,38,37,41,24,23,19,39,27,36,23,26,31,35,23,27,24,36,32
Белоопашат мишелов,,91,82,77,74,95,40,35,45,54,64,54,72,143,87,78,86,84,123,45,57,44,81,95,88,120,122,99,124,140,111,101,89,93,71,94,79,124,106,92,114,135,86,81,79,75,59,84,61,85,118,111,86,85,79,70,68,65,81,88,80
Tyto alba,Забулена сова,26,39,22,27,16,28,14,43,32,40,25,52,37,27,60,31,40,43,44,29,28,58,58,41,48,43,42,43,61,71,65,44,48,57,68,82,71,52,53,47,55,71,65,60,38,59,43,36,56,39,69,52,65,64,64,54,41,50,61,54
Забулена сова,,217,224,170,156,138,166,149,199,135,321,345,347,285,218,347,222,295,346,320,233,174,364,726,390,458,525,382,280,427,532,629,378,293,618,770,687,985,871,830,527,536,847,889,549,362,672,621,373,391,367,429,310,371,386,258,201,217,301,324,240
Parabuteo unicinctus,Мишелов на Харис,0,0,0,0,0,0,0,0,0,0,0,0,0,0,0,0,0,0,0,0,0,0,0,0,0,0,0,0,0,0,0,0,0,0,1,0,0,0,0,6,1,3,3,8,5,4,11,11,10,17,19,22,12,12,21,16,12,11,16,11
Мишелов на Харис,,0,0,0,0,0,0,0,0,0,0,0,0,0,0,0,0,0,0,0,0,0,0,0,0,0,0,0,1,0,0,0,0,0,0,0,0,0,0,0,58,20,38,34,28,61,34,26,30,43,44,32,43,38,53,74,60,39,35,30,33
Strix uralensis,Уралска улулица,34,43,38,33,47,53,33,58,38,54,53,59,68,41,65,62,89,81,64,41,41,68,92,52,83,85,63,76,90,93,103,61,51,61,91,76,74,56,71,82,88,77,85,74,47,50,50,42,63,46,73,61,82,102,91,78,45,50,79,63
Уралска улулица,,45,53,35,39,47,19,15,26,28,29,33,32,43,37,50,44,59,27,24,24,27,31,44,34,46,52,50,55,91,88,69,41,51,62,57,51,44,51,38,57,62,52,44,38,38,33,40,50,46,44,56,37,55,51,40,42,50,41,51,46
Strix aluco,Горска улулица,41,40,48,43,62,57,51,66,59,70,72,68,87,51,104,79,116,105,93,69,46,82,127,55,104,117,92,93,128,142,141,77,69,101,117,104,88,73,86,107,127,143,128,111,81,64,54,59,90,71,100,95,133,162,136,110,85,77,106,104
Горска улулица,,167,156,143,110,112,89,99,139,119,211,201,114,165,100,118,173,175,216,145,152,113,118,207,130,223,212,216,228,223,281,231,173,136,204,267,143,165,144,189,169,269,234,206,131,109,140,141,76,115,203,173,194,237,242,206,159,215,152,155,129
Falco tinnunculus,Керкенез,69,98,54,34,56,41,47,76,72,50,39,49,100,55,70,86,68,83,90,68,55,45,77,60,98,111,128,62,84,100,90,68,50,47,67,111,132,79,70,27,45,94,111,70,51,49,43,51,65,68,77,97,70,94,89,43,68,57,70,51
Керкенез,,237,290,226,258,234,224,208,264,252,232,306,229,309,324,232,360,266,362,355,384,163,218,188,245,334,407,427,396,386,499,423,296,189,221,285,288,309,302,317,352,350,525,469,324,269,243,233,215,249,249,294,357,365,486,507,294,246,231,229,194
Accipiter gentilis,Голям ястреб,164,164,103,87,90,61,53,122,110,80,122,100,173,163,145,140,107,93,134,115,114,95,139,120,170,176,169,133,129,128,124,143,79,72,110,190,161,127,114,131,78,80,90,89,64,66,72,87,112,111,160,127,98,106,71,54,66,58,66,79
Голям ястреб,,276,242,201,208,206,102,94,161,141,220,237,248,330,242,214,278,271,214,165,195,124,234,352,265,363,390,378,323,311,305,227,233,220,237,336,273,393,376,308,334,292,234,192,143,216,178,296,228,353,320,378,279,225,248,199,153,209,226,240,205
Corvus corax,Гарван гробар,65,54,84,47,91,54,25,54,41,60,67,55,45,49,84,83,83,109,52,57,40,81,74,50,82,120,97,107,133,101,80,55,73,93,66,89,86,56,99,118,108,99,75,61,67,58,62,64,76,120,91,104,125,121,77,55,64,79,106,63
Гарван гробар,,551,552,427,454,539,295,230,335,412,450,482,505,623,590,544,637,647,574,371,383,273,517,566,511,654,816,650,629,944,670,437,394,429,538,557,483,607,617,594,642,608,626,427,335,326,376,519,441,480,639,598,593,685,604,400,344,446,410,456,365
Struthio camelus,Щраус,15,9,10,4,3,8,3,2,4,15,13,5,11,1,3,15,7,9,5,20,7,17,28,18,17,10,12,6,13,8,15,11,18,30,34,53,36,20,26,19,18,13,18,16,13,13,12,12,19,18,14,21,21,11,18,19,17,19,28,13
Щраус,,1595,687,945,805,583,438,346,527,499,1127,1336,1315,1693,1037,1239,2626,926,727,681,587,478,960,1490,1231,1954,1110,1513,1154,1038,1008,869,813,901,1333,1697,1836,2669,1445,1871,1665,1396,971,835,709,544,1226,1452,1517,1443,892,1196,984,743,569,557,525,553,924,938,986
Rhea americana,Обикновено нанду,0,0,0,0,0,0,0,0,0,0,0,0,0,0,0,4,13,6,6,24,7,20,24,13,16,12,26,10,10,14,11,10,11,13,24,16,19,13,15,10,11,13,13,16,7,13,18,15,15,11,14,15,19,12,15,15,11,15,19,15
Обикновено нанду,,0,0,0,0,0,0,0,0,0,0,0,0,0,0,0,26,44,39,25,58,73,89,181,72,86,67,82,54,75,73,102,66,159,213,273,129,213,135,142,126,88,75,79,61,196,182,152,82,84,79,138,83,79,78,90,82,132,174,188,109
Pavo cristatus,Обикновен паун,0,0,0,0,0,0,3,1,1,0,0,1,1,1,3,0,3,0,1,0,0,1,1,2,1,2,1,1,4,2,1,2,6,7,10,10,6,10,5,6,6,4,3,5,8,7,6,6,10,11,14,15,8,9,16,23,14,9,12,12
Обикновен паун,,0,0,0,0,0,0,72,65,67,77,95,63,140,172,189,251,327,297,263,229,182,266,360,282,458,373,458,669,716,573,474,444,403,621,607,620,779,693,693,697,559,477,369,339,423,576,645,570,684,609,693,704,640,442,370,313,301,385,380,405
Lophura swinhoii,Седлат фазан,0,0,0,0,0,0,0,0,0,0,0,0,0,0,0,0,0,0,0,0,0,0,0,0,0,0,0,0,0,0,0,0,0,0,1,0,0,0,0,5,4,4,2,2,5,8,10,5,5,6,7,7,5,9,11,8,7,9,7,4
Седлат фазан,,0,0,0,0,0,0,0,0,0,0,0,0,0,0,0,0,0,0,0,0,0,0,0,0,0,0,0,1,0,0,0,0,0,0,0,0,0,0,0,46,35,29,22,35,27,23,37,28,28,28,39,35,28,20,37,42,39,46,25,22
Chrysolophus pictus,Златен фазан,1,1,1,1,1,1,0,1,0,0,0,2,0,2,1,1,4,1,2,3,3,2,3,2,2,1,1,0,1,0,3,0,2,4,3,1,1,1,0,3,1,4,5,8,6,4,3,3,5,8,7,7,6,9,9,2,2,3,7,7
Златен фазан,,85,54,65,47,54,51,34,51,43,56,70,54,104,71,80,127,93,113,79,65,66,128,142,99,117,84,114,130,147,81,60,61,81,132,67,69,90,94,94,113,124,122,125,127,92,83,93,80,88,91,103,144,125,78,65,75,64,63,69,76
Tadorna ferruginea,Червен ангъч,10,16,11,16,20,5,8,6,6,13,14,6,15,18,16,9,11,8,9,11,8,16,20,13,27,38,32,16,16,18,11,19,17,16,37,52,156,212,20,13,19,21,11,13,19,7,25,13,19,23,20,17,12,16,22,27,20,20,13,13
Червен ангъч,,211,262,210,165,150,77,82,85,65,116,315,134,189,183,171,146,168,139,71,74,73,135,173,142,251,306,282,220,255,179,145,89,81,137,164,139,160,186,124,186,177,148,87,82,97,84,123,89,170,198,163,168,118,118,84,80,80,105,134,89
Melopsittacus undulatus,Вълнист папагал,0,0,0,0,0,0,0,0,0,0,0,0,0,0,0,0,0,0,0,0,0,0,0,0,0,0,6,2,2,4,1,4,11,8,9,37,27,6,8,6,5,10,9,10,11,11,11,14,9,16,17,16,16,17,21,16,17,19,24,25
Вълнист папагал,,1211,1036,1119,1087,1034,722,751,1083,1145,1514,1564,1707,2260,1910,1993,1918,1900,1810,1977,1885,1577,2285,2708,2256,3583,3119,2988,2398,2403,1996,1855,1756,1855,2592,2731,2273,3064,2397,3056,2428,2186,2126,289,646,1460,2240,2288,2096,2253,2103,2162,1877,1824,1377,1289,1168,1282,1308,1474,1274
Agapornis sp.,Неразделки,0,0,0,0,0,0,0,0,0,0,0,0,0,0,0,0,0,0,0,0,0,0,0,0,0,0,0,0,0,0,0,0,0,0,0,0,0,0,0,7,3,4,5,6,11,3,10,14,10,8,11,17,10,17,25,22,14,11,13,7
Неразделки,,253,245,242,233,215,163,167,212,271,312,251,275,356,320,372,305,405,236,310,248,222,295,299,315,418,394,336,264,333,316,265,275,278,358,363,262,400,397,372,398,286,281,283,242,350,324,265,235,255,261,283,263,220,183,165,190,220,206,192,269
Nymphicus hollandicus,Корела,5,2,3,1,2,1,1,2,1,0,1,2,2,1,1,1,2,2,1,4,1,1,5,0,4,2,4,2,4,6,3,4,6,8,12,34,17,5,6,8,5,6,6,7,6,13,10,8,7,12,9,14,7,11,16,17,7,7,11,7
Корела,,394,313,294,300,311,232,362,374,390,404,412,457,531,480,493,557,582,476,584,547,396,531,718,680,1014,800,775,842,726,671,624,656,678,777,824,850,1039,828,1006,934,849,815,604,673,614,803,766,773,731,661,658,646,563,497,532,545,516,520,494,524
Platycercus eximius,Пъстра розела,0,0,0,0,0,0,0,0,0,0,0,0,0,0,0,0,0,0,0,0,0,0,0,0,0,0,0,0,1,0,0,0,0,0,1,0,0,0,0,8,2,4,5,9,4,4,4,7,5,10,10,16,5,11,4,8,7,8,8,9
Пъстра розела,,0,0,0,0,0,0,0,0,0,0,0,0,0,0,0,0,0,0,0,0,0,0,0,0,0,0,0,0,0,0,0,0,0,0,0,0,0,0,0,83,106,163,137,109,144,306,195,194,157,154,168,204,163,145,134,170,182,217,220,170
Ara ararauna,Синьо-жълт ара,0,0,0,0,0,0,0,0,0,0,0,0,0,0,0,0,0,0,0,0,0,0,0,0,0,0,0,5,2,1,1,1,4,5,3,19,5,5,5,3,2,2,4,4,6,5,4,4,6,4,9,10,5,19,9,10,10,5,4,5
Синьо-жълт ара,,107,119,88,98,80,66,37,66,78,156,170,109,125,105,123,139,349,273,178,160,139,207,242,161,218,177,141,109,165,158,124,129,165,180,226,142,192,126,178,159,117,67,70,74,112,136,185,132,136,107,175,173,167,150,127,102,98,122,119,94
Anas platyrhynchos,Зеленоглава патица,37,45,28,14,25,31,11,22,14,25,24,21,42,39,43,24,37,27,26,18,21,32,52,21,62,71,58,43,51,22,23,39,28,35,42,68,64,31,30,26,21,37,28,25,38,30,44,27,52,44,33,33,36,29,45,30,31,33,42,30
Зеленоглава патица,,279,223,204,147,172,121,95,94,144,196,223,229,321,155,176,171,211,184,133,159,133,214,312,222,362,349,322,388,346,267,222,232,199,239,296,371,441,338,370,392,380,262,183,176,193,242,323,261,326,267,301,308,294,224,220,181,197,232,288,248
Streptopelia roseogrisea,Африканска гугутка,0,0,0,0,0,0,0,0,0,0,0,0,0,0,0,0,0,0,0,0,0,0,0,0,0,0,0,0,2,0,0,0,0,0,0,0,0,0,0,5,8,7,7,12,6,6,6,4,11,10,15,9,8,11,17,10,10,10,10,3
Африканска гугутка,,0,0,4,0,2,0,0,0,0,0,0,1,0,0,0,1,2,0,1,1,0,0,1,2,1,1,1,2,3,4,2,3,5,2,5,3,8,3,1,23,20,20,35,37,59,40,24,22,14,19,19,19,17,19,28,22,27,22,23,15
Anser albifrons,Голяма белочела гъска,67,52,46,23,33,18,14,16,12,32,41,33,82,50,66,40,32,30,32,27,30,37,52,44,90,164,61,42,51,37,34,47,32,41,39,58,77,49,47,51,40,28,25,19,21,39,40,38,47,56,44,55,40,42,28,41,34,32,44,36
Голяма белочела гъска,,211,171,92,74,66,63,38,56,73,82,117,115,285,122,82,85,88,80,63,58,78,108,156,136,227,323,151,107,138,136,118,93,94,96,138,222,288,157,122,106,107,92,61,69,98,87,130,128,178,159,130,83,99,90,67,84,92,88,81,104
Alopochen aegyptiacus,Египетска гъска,0,1,0,0,0,0,0,0,0,0,0,0,0,0,0,0,0,0,0,0,0,0,0,0,0,0,0,0,0,5,7,11,5,7,6,30,30,7,2,8,7,6,6,8,8,8,3,9,12,7,10,8,5,8,18,15,3,3,5,8
Египетска гъска,,0,0,0,0,0,0,0,0,0,0,0,0,0,0,0,0,0,0,0,0,0,0,0,0,0,0,0,1,0,19,22,30,16,29,19,26,30,36,27,24,40,23,28,27,52,28,22,18,39,26,41,39,30,40,33,33,42,34,32,16
Anser cygnoides,Лебедоподобна гъска,0,0,0,0,0,0,0,0,0,0,0,0,0,0,0,0,0,0,0,0,0,0,0,0,0,0,0,0,0,0,0,0,0,0,1,0,3,0,0,8,12,10,7,7,7,13,14,10,21,27,29,33,26,21,28,22,20,23,20,27
Лебедоподобна гъска,,0,0,0,0,0,0,0,0,0,0,0,0,0,0,0,0,0,0,0,0,0,0,0,0,0,0,0,2,0,0,0,0,0,0,0,0,4,0,0,38,40,33,38,44,56,50,46,46,51,48,64,69,62,68,60,52,52,42,39,64
Cygnus olor,Ням лебед,32,45,26,32,30,17,7,24,21,24,20,26,31,29,44,22,14,15,19,23,13,27,35,19,31,111,55,39,32,45,27,39,19,31,29,34,68,53,44,35,34,23,28,27,15,29,20,20,22,47,29,24,19,23,40,28,29,25,30,35
Ням лебед,,189,229,174,220,155,72,58,66,67,177,161,112,175,238,229,227,188,133,116,124,107,142,256,138,268,273,399,257,234,206,141,128,119,154,207,163,316,266,268,200,175,130,81,75,94,144,216,159,272,248,225,191,161,149,111,102,133,172,255,161
Cygnus atratus,Черен лебед,27,45,24,17,28,10,12,13,16,22,25,23,35,34,37,18,23,21,14,25,13,28,46,21,27,53,44,33,28,27,22,31,16,23,25,38,52,42,42,32,30,18,19,30,14,22,26,24,30,51,27,24,23,20,29,20,28,26,23,32
Черен лебед,,98,85,90,58,59,27,34,50,59,84,64,126,367,137,228,95,118,85,81,83,68,102,145,101,120,137,170,162,152,124,108,110,85,107,118,111,149,133,208,176,159,105,86,85,89,93,90,93,97,206,157,98,82,70,83,82,93,87,114,109
Cygnus cygnus,Поен лебед,25,48,33,38,27,16,15,24,23,20,26,24,36,31,52,34,17,19,15,26,20,27,41,25,51,104,67,45,36,44,24,46,20,35,38,41,83,45,45,37,41,28,31,28,16,25,26,18,25,42,31,28,17,38,36,16,22,19,29,37
Поен лебед,,49,44,43,42,38,27,12,20,32,38,40,33,60,47,64,55,53,46,38,46,46,77,50,70,94,122,123,116,100,85,52,39,59,63,105,76,139,166,156,71,61,47,32,40,58,49,59,142,86,101,85,82,76,69,63,72,79,56,78,61
Aix galericulata,Мандаринка,39,24,35,23,28,15,18,18,17,31,17,30,32,36,36,32,27,26,22,22,19,36,43,29,28,44,43,35,32,27,22,26,22,22,25,50,54,25,36,35,39,20,25,21,24,17,28,23,35,19,25,14,24,16,30,26,19,18,17,17
Мандаринка,,94,89,120,135,91,59,41,93,176,124,141,170,186,162,206,223,211,219,147,173,132,217,243,198,247,232,257,242,302,249,205,159,109,185,291,247,261,242,272,263,140,172,150,118,136,126,247,207,219,201,251,226,211,139,121,144,115,160,169,164
Pelecanus onocrotalus,Розов пеликан,10,5,3,3,4,2,2,4,7,4,1,2,2,4,12,4,5,6,5,6,5,8,8,5,5,8,9,4,7,7,9,17,7,10,16,37,25,9,12,9,9,13,7,14,7,10,12,10,10,13,12,17,7,10,19,10,5,9,12,9
Розов пеликан,,285,351,285,255,243,108,41,75,97,248,287,151,286,300,332,387,300,237,134,138,134,310,379,314,426,397,499,356,371,299,165,212,213,347,392,269,438,417,346,432,205,198,113,134,143,218,269,187,362,299,395,345,339,261,215,186,129,254,382,180
Ciconia ciconia,Бял щъркел,5,6,8,7,13,4,4,10,4,12,11,4,9,8,22,6,14,7,11,16,14,19,21,7,10,18,112,28,20,23,17,16,30,35,24,22,81,79,28,22,23,29,29,26,32,17,14,16,14,22,34,25,19,19,34,17,18,12,18,21
Бял щъркел,,808,827,2371,1345,697,443,450,778,511,659,641,427,938,1005,2630,1723,913,653,667,760,648,657,871,641,1597,1722,5125,2888,1777,1249,1118,1637,1080,1160,1258,1007,2131,2141,6219,4441,1896,1454,1478,1313,972,1255,1169,730,1338,1739,4499,2886,1443,1309,1222,1566,925,796,888,671
Branta leucopsis,Белобуза гъска,18,25,9,7,15,3,7,11,5,13,5,14,20,8,23,7,14,7,9,9,13,11,16,13,19,38,14,13,11,15,14,18,6,6,17,35,46,14,13,13,12,10,20,20,23,10,21,11,12,19,11,15,15,10,27,25,14,11,18,12
Белобуза гъска,,33,25,39,28,33,21,21,23,30,28,35,30,65,53,39,53,30,28,21,35,36,55,65,45,54,64,70,55,48,53,56,56,33,49,53,58,78,61,86,61,62,220,84,47,55,51,48,39,55,61,80,57,57,65,58,38,50,50,48,59
Columba livia domestica,Домашен гълъб,0,0,0,0,0,0,0,0,0,0,0,0,0,0,0,0,0,0,0,0,0,0,0,0,0,0,0,4,1,2,1,2,2,5,2,22,19,7,0,4,1,4,3,3,5,6,5,4,1,6,4,5,5,6,11,2,3,2,5,3
Домашен гълъб,,69,73,67,69,56,48,32,45,78,72,122,82,71,68,89,104,92,156,92,116,63,110,147,77,126,110,146,142,146,166,113,148,105,100,166,125,149,113,154,160,141,139,77,136,108,82,91,92,108,95,132,141,168,166,134,111,127,120,340,122
Pteroglossus viridis,,0,0,0,0,0,0,0,0,0,0,0,0,0,0,0,0,0,0,0,0,0,0,0,0,0,0,0,0,0,0,0,0,0,0,0,0,0,0,0,0,0,0,0,0,0,0,0,0,0,0,0,0,0,0,0,0,0,0,0,8
Gallus gallus domesticus,Домашна кокошка,0,0,0,0,0,0,0,0,0,0,0,0,0,0,0,0,0,0,0,0,0,0,0,0,0,0,0,0,0,0,0,0,0,0,0,0,0,0,0,0,0,0,0,0,0,0,0,0,0,0,3,0,0,0,2,0,1,1,5,3
Домашна кокошка,,93,104,68,45,54,22,27,180,463,696,782,743,1210,1394,1299,1054,916,840,590,644,477,989,1279,1203,1918,2024,2894,2227,1746,1255,994,983,990,1928,3002,2766,4333,5227,5599,5163,4610,4820,2639,1966,1613,2225,2420,2213,2990,4259,3485,3471,2656,1983,1585,1358,1525,1492,5794,1599
Nasua nasua,Южноамериканско коати,0,0,1,0,0,0,0,0,0,0,0,0,0,0,0,0,0,0,0,0,0,0,0,0,8,11,10,4,5,15,12,16,15,16,10,19,14,7,12,7,13,13,13,17,11,9,11,13,16,21,33,28,20,25,27,29,23,17,18,13
Южноамериканско коати,,0,1,1,0,0,0,0,0,0,0,0,0,0,0,0,0,0,0,0,0,0,0,0,1,57,56,76,48,52,37,52,43,54,58,75,77,78,46,63,32,85,52,44,59,69,65,90,61,82,62,108,83,105,92,81,105,95,125,134,70
Mungos mungo,Ивичеста мангуста,0,1,0,0,0,0,0,0,0,0,0,0,0,0,0,0,0,0,0,0,0,0,0,3,0,0,0,4,12,6,7,8,9,11,14,13,17,22,24,15,10,11,9,20,16,12,9,14,16,25,24,18,20,18,22,26,17,15,18,14
Ивичеста мангуста,,0,0,2,0,0,0,0,0,0,0,0,0,0,0,0,0,0,0,0,0,0,0,1,1,1,4,4,63,51,50,59,51,67,60,92,66,92,56,77,72,65,68,47,63,75,62,45,44,57,64,88,91,61,75,92,103,85,52,75,52
Canis aureus,Златист чакал,36,37,16,19,23,25,9,22,23,41,34,31,42,28,23,23,30,35,25,28,18,30,41,29,32,43,46,40,24,24,44,30,34,25,37,40,64,38,42,49,36,19,24,36,33,25,20,26,34,41,47,47,42,35,37,40,28,33,38,38
Златист чакал,,61,81,65,49,60,48,36,98,67,97,90,110,128,126,127,128,94,104,103,115,75,92,147,145,183,200,248,137,178,152,123,174,139,147,194,223,187,158,177,185,187,134,140,155,121,147,176,187,212,208,172,163,127,131,168,153,239,187,217,192
Paradoxurus hermaphroditus,Азиатска палмова цивета,14,9,11,10,9,2,4,5,1,5,6,8,6,2,5,6,3,6,5,5,2,10,12,8,11,9,7,16,11,7,10,20,12,12,22,34,39,25,15,15,13,12,6,14,8,12,11,8,14,20,21,22,12,17,28,22,15,22,16,10
Азиатска палмова цивета,,51,79,62,80,38,36,38,100,62,80,88,89,79,115,80,69,61,53,67,70,49,86,100,190,254,166,135,105,130,141,144,151,166,200,231,165,176,150,440,150,138,112,83,111,121,114,130,97,118,119,165,108,92,119,121,174,128,112,133,106
Myocastor coypus,Нутрия,4,0,2,2,2,1,1,0,1,1,0,2,1,0,2,4,1,2,2,6,4,6,5,5,6,3,6,5,4,6,1,6,7,8,8,36,29,10,8,6,7,4,3,9,4,6,6,11,10,9,6,6,6,9,11,9,7,8,10,8
Нутрия,,223,180,169,152,132,101,107,175,147,175,191,216,337,261,254,230,230,226,209,235,179,248,421,330,512,418,352,409,349,292,305,372,333,299,316,361,429,354,392,360,269,261,267,253,229,257,357,356,400,389,430,357,890,285,288,409,543,367,348,355
Aonyx cinerea,Азиатска късоноктеста видра,0,0,1,0,0,0,0,0,0,0,0,0,0,0,0,0,0,0,0,0,0,0,0,0,0,1,0,3,1,0,0,0,0,3,4,0,1,0,0,11,7,14,22,15,14,14,17,18,14,36,29,23,16,16,25,20,25,18,15,18
Азиатска късоноктеста видра,,0,0,0,0,0,0,0,0,0,0,0,0,0,0,0,0,0,0,0,0,0,0,0,0,0,0,0,0,0,0,0,0,0,0,0,0,0,0,0,52,43,50,53,41,52,47,40,43,72,56,60,68,53,53,68,75,91,66,96,87
Leptailurus serval,Сервал,32,49,27,22,26,23,25,25,22,49,25,27,39,31,34,35,27,42,30,42,23,30,47,41,63,60,48,69,34,44,75,69,77,63,54,78,124,74,42,53,40,44,30,45,39,35,30,46,49,51,48,35,33,30,40,40,32,28,36,28
Сервал,,139,213,142,117,141,65,102,193,174,232,232,334,242,223,263,1550,234,227,205,238,179,194,267,288,357,519,546,483,463,343,932,1040,433,380,472,489,703,628,585,432,425,366,333,376,364,420,521,406,423,944,589,509,407,424,392,356,368,342,379,351
Suricata suricatta,Сурикат,21,21,11,16,12,15,11,12,7,22,27,16,10,7,7,16,10,23,12,19,8,20,25,18,28,27,13,12,17,28,15,22,24,29,33,48,57,24,35,24,15,19,13,23,18,18,22,20,28,34,33,32,26,33,42,27,32,27,37,26
Сурикат,,552,522,570,513,415,293,433,462,415,503,808,761,1138,722,880,1140,715,558,614,598,589,772,975,816,1037,798,690,802,732,835,743,713,738,903,959,1113,1500,984,1319,995,848,698,646,562,510,753,716,509,588,471,576,543,432,424,425,364,456,486,407,387
Meles meles,Язовец,31,21,25,22,22,28,29,27,34,20,12,18,19,32,28,34,39,48,28,32,21,32,25,34,48,34,44,37,31,39,38,38,24,36,26,30,35,46,39,28,21,18,20,23,28,21,14,23,24,33,36,28,18,26,47,35,45,21,22,31
Язовец,,432,626,483,465,391,320,299,569,483,525,590,494,682,606,583,771,725,675,775,689,519,597,846,564,797,710,828,791,996,1001,1154,1215,982,967,994,823,1207,1208,1308,1210,1322,1200,1192,1028,848,1127,975,696,727,814,861,879,884,821,781,732,753,676,761,675
Genetta tigrina,Тигрова генета,1,0,0,0,0,0,0,0,0,0,0,0,0,0,0,0,0,0,0,0,0,0,0,0,6,8,6,5,3,10,9,12,12,4,11,7,28,14,17,13,10,17,5,20,12,13,12,13,8,21,27,19,12,15,24,30,11,14,7,7
Тигрова генета,,0,0,0,0,0,0,0,0,0,0,0,0,0,0,0,0,0,0,0,0,0,0,0,0,38,45,33,32,27,41,30,35,30,24,37,40,32,39,39,43,48,33,26,29,43,28,45,52,38,36,44,38,28,28,33,48,43,35,35,23
Hystrix cristata,Гривесто бодливо свинче,0,0,0,0,0,1,0,0,0,0,0,0,0,0,0,0,0,0,0,0,0,0,0,0,9,1,4,3,3,3,2,3,8,7,9,31,26,4,3,1,5,3,2,6,7,8,7,8,8,8,13,9,9,9,19,15,11,8,13,8
Гривесто бодливо свинче,,0,0,0,0,0,0,0,0,0,0,0,0,0,0,0,0,0,0,0,0,0,0,0,0,87,44,46,48,43,36,48,83,72,70,61,59,49,64,32,38,54,57,55,31,54,44,45,36,52,44,68,51,42,61,64,71,68,58,77,57
Gymnocorymbus ternetzi,Тернеция,0,0,0,0,0,0,0,0,0,0,0,0,0,0,0,0,0,0,0,0,0,0,0,0,0,0,0,0,0,0,0,0,0,5,0,1,1,2,1,5,2,3,2,8,4,3,4,5,3,5,26,5,9,6,23,20,13,3,4,4
Тернеция,,0,0,0,0,0,0,0,0,0,0,0,0,0,0,0,0,0,0,0,0,0,0,0,0,0,0,0,0,0,0,0,0,0,37,32,47,49,42,54,49,48,52,30,45,45,56,78,41,55,45,52,59,39,37,67,62,73,51,63,35
Hyphessobrycon herbertaxelrodi,Черен неон,0,0,0,0,0,0,0,0,0,0,0,0,0,0,0,0,0,0,0,0,0,0,0,0,0,0,0,0,0,0,0,0,0,0,0,0,0,0,0,11,3,7,3,3,4,7,5,4,4,6,5,4,2,8,7,1,1,6,3,7
Черен неон,,0,0,0,0,0,0,0,0,0,0,0,0,0,0,0,0,0,0,0,0,0,0,0,0,0,0,0,1,0,0,0,0,0,0,0,0,0,0,0,5,15,18,21,19,28,18,17,12,19,16,25,26,12,21,36,23,23,22,16,12
Nematobrycon palmeri,Палмер,0,0,0,0,0,0,0,0,0,0,0,0,0,0,0,0,0,0,0,0,0,0,0,0,0,0,0,0,0,0,0,0,0,0,0,0,0,0,0,5,0,2,3,5,7,3,3,5,2,3,3,4,4,7,8,1,1,3,4,3
Палмер,,0,0,0,0,0,0,0,0,0,0,0,0,0,0,0,0,0,0,0,0,0,0,0,0,0,0,0,0,1,0,0,0,0,0,0,0,0,0,0,10,5,18,16,11,21,15,15,15,14,26,26,27,19,21,18,30,22,20,13,12
Paracheirodon innesi,Обикновен неон,0,0,0,0,0,0,0,0,0,0,0,0,0,0,0,0,0,0,0,0,0,0,0,0,0,0,0,0,0,0,0,0,0,0,0,0,0,0,0,4,0,4,3,8,5,9,5,2,5,5,7,5,5,7,18,6,4,4,3,7
Обикновен неон,,0,0,0,0,0,0,0,0,0,0,0,0,0,0,0,0,0,0,0,0,0,0,0,0,0,0,0,0,0,0,0,0,0,0,0,0,0,0,0,12,24,27,24,26,40,43,40,39,36,29,51,62,37,40,44,45,51,54,42,39
Paracheirodon axelrodi,Червен неон,0,0,0,0,0,0,0,0,0,0,0,0,0,0,0,0,0,0,0,0,0,0,0,0,0,0,0,0,0,0,0,0,0,0,0,0,0,0,0,4,0,3,1,6,6,4,5,4,4,6,7,4,4,8,20,12,0,2,2,2
Червен неон,,0,0,0,0,0,0,0,0,0,0,0,0,0,0,0,0,0,0,0,0,0,0,0,0,0,0,0,0,1,0,0,0,0,0,0,0,0,0,0,13,21,16,20,21,36,34,17,19,23,33,30,28,31,35,35,24,36,29,22,22
Moenkhausia sanctaefilomenae,Филомена,0,0,0,0,0,1,0,0,0,0,0,0,0,0,0,0,0,0,0,0,0,0,0,0,0,0,0,0,0,0,0,0,0,0,0,0,0,0,0,7,1,2,1,6,3,4,1,4,3,7,4,1,6,7,7,3,0,2,4,4
Филомена,,0,0,0,0,0,0,0,0,0,0,0,0,0,0,0,0,0,0,0,0,0,0,0,0,1,0,0,1,1,0,0,0,0,0,0,0,0,0,0,13,27,20,21,21,49,31,58,37,63,54,66,27,24,31,39,39,28,26,36,20
Thayeria boehlkei,Хокейка,0,0,0,0,0,0,0,0,0,0,0,0,0,0,0,0,0,0,0,0,0,0,0,0,0,0,0,0,0,0,0,0,0,0,0,0,0,0,0,4,4,1,2,5,6,6,3,1,0,6,7,5,0,7,3,1,1,3,5,2
Хокейка,,0,0,0,0,0,0,0,0,0,0,0,0,0,0,0,0,0,0,0,0,0,0,0,0,0,0,0,1,1,0,0,0,0,0,0,0,0,0,0,11,9,16,19,9,35,12,14,10,16,25,19,20,12,19,17,11,22,17,11,12
Hyphessobrycon sweglesi,Червен фантом,0,0,0,0,0,0,0,0,0,0,0,0,0,0,0,0,0,0,0,0,0,0,0,0,0,0,0,0,0,0,0,0,0,0,0,0,0,0,0,6,2,4,3,4,6,3,4,2,6,3,4,4,3,10,7,2,1,6,4,3
Червен фантом,,0,0,0,0,0,0,0,0,0,0,0,0,0,0,0,0,0,0,0,0,0,0,0,0,0,0,0,0,1,0,0,0,0,0,0,0,0,0,0,10,17,16,14,13,31,25,12,22,14,26,31,26,22,27,28,13,23,23,17,16
Hyphessobrycon megalopterus,Черен фантом,0,0,0,0,0,0,0,0,0,0,0,0,0,0,0,0,0,0,0,0,0,0,0,0,0,0,0,0,0,0,0,0,0,0,0,0,0,0,0,5,1,5,6,4,7,4,3,4,2,7,5,5,8,7,7,6,2,5,3,4
Черен фантом,,0,0,0,0,0,0,0,0,0,0,0,0,0,0,0,0,0,0,0,0,0,0,0,0,0,0,0,1,1,0,0,0,0,0,0,0,0,0,0,11,19,24,39,26,42,16,21,21,21,40,29,26,22,36,30,33,34,33,22,21
Nannostomus beckfordi,Бекфорди,0,0,0,0,0,0,0,0,0,0,0,0,0,0,0,0,0,0,0,0,0,0,0,0,0,0,0,0,0,0,0,0,0,0,0,0,0,0,0,4,0,1,6,2,7,0,1,3,6,4,6,6,4,7,6,1,2,3,2,4
Бекфорди,,0,0,0,0,0,0,0,0,0,0,0,0,0,0,0,0,0,0,0,0,0,0,0,0,0,0,0,1,0,0,0,0,0,0,0,0,0,0,0,8,12,12,17,13,22,18,8,10,11,16,13,20,8,14,13,9,12,10,6,5
Colossoma,Колосома,0,0,0,0,0,0,0,0,0,0,0,0,0,0,0,0,0,0,0,0,0,0,0,0,0,0,0,3,2,0,1,1,7,6,6,11,9,4,5,7,4,6,10,5,5,11,9,6,10,7,14,16,10,10,19,7,10,9,13,4
Колосома,,0,0,0,0,0,0,0,0,0,0,0,0,0,0,0,0,0,0,0,0,0,0,0,0,0,0,0,11,24,29,32,15,33,24,31,38,39,28,18,30,31,33,29,36,35,29,22,19,18,24,36,24,18,25,30,26,28,27,18,21
Metynnis,Метиниси,0,0,0,0,0,0,0,0,0,0,0,0,0,0,0,0,0,0,0,0,0,0,0,0,0,0,0,0,0,0,0,0,0,0,0,0,0,0,0,5,5,9,4,12,9,12,6,8,9,7,11,12,15,6,14,12,9,16,12,2
Метиниси,,0,0,0,0,0,0,0,0,0,0,0,0,0,0,0,0,0,0,0,0,0,0,0,0,0,0,0,0,0,0,0,0,0,0,0,0,0,0,0,10,10,18,16,14,36,19,20,13,10,9,18,15,7,22,14,20,15,12,6,6
Hemigrammus rhodostomus,Родостомус,0,0,0,0,0,0,0,0,0,0,0,0,0,0,0,0,0,0,0,0,0,0,0,0,0,0,0,0,0,0,0,0,0,0,0,0,0,0,0,7,0,1,3,4,4,2,2,2,1,6,4,3,3,7,9,1,0,2,3,1
Родостомус,,0,0,0,0,0,0,0,0,0,0,0,0,0,0,0,0,0,0,0,0,0,0,0,0,0,0,0,0,1,0,0,0,0,0,0,0,0,0,0,9,15,18,19,19,27,23,23,20,28,22,36,33,29,32,26,32,40,32,33,25
Hyphessobrycon pulchripinnis,Лимонена тетра,0,0,0,0,0,0,0,0,0,0,0,0,0,0,0,0,0,0,0,0,0,0,0,0,0,0,0,0,0,0,0,0,0,0,0,0,0,0,0,10,1,3,4,4,2,4,5,5,2,4,8,4,1,3,7,6,0,3,5,7
Лимонена тетра,,0,0,0,0,0,0,0,0,0,0,0,0,0,0,0,0,0,0,0,0,0,0,0,0,0,0,0,0,1,0,0,0,0,0,0,0,0,0,0,20,27,22,22,22,25,26,22,39,33,31,34,29,28,36,25,30,36,27,20,24
Prionobrama filigera,Филигера,0,0,0,0,0,0,0,0,0,0,0,0,0,0,0,0,0,0,0,0,0,0,0,0,0,0,0,0,0,0,0,0,0,0,0,0,0,0,0,4,1,2,1,7,3,6,3,5,2,7,6,6,3,5,4,3,2,3,5,5
Филигера,,0,0,0,0,0,0,0,0,0,0,0,0,0,0,0,0,0,0,0,0,0,0,0,1,1,0,1,0,1,0,0,1,0,0,1,1,0,0,0,9,7,14,20,21,25,19,11,12,8,19,19,15,8,18,17,13,15,14,14,15
Barbus conchonius,Огнен барбус,0,0,0,0,0,0,0,0,0,0,0,0,0,0,0,0,0,0,0,0,0,0,0,0,0,0,0,0,0,0,0,0,0,0,0,0,0,0,0,3,0,0,0,2,4,6,2,7,3,8,7,4,2,8,10,2,3,2,5,4
Огнен барбус,,0,0,0,0,0,0,0,0,0,0,0,0,0,0,0,0,0,0,0,0,0,0,0,0,0,0,0,0,1,0,0,0,0,0,0,0,0,0,0,10,10,13,13,22,40,21,19,28,18,26,31,37,21,23,34,29,34,27,16,23
Barbus nigrofasciatus,Черен барбус,1,0,0,2,3,0,1,1,0,1,1,2,0,0,1,3,3,6,1,2,0,1,5,3,3,1,5,0,2,1,5,2,1,0,2,1,1,2,1,3,2,1,4,3,2,2,2,5,3,4,6,6,1,8,6,1,2,1,3,5
Черен барбус,,18,30,14,16,17,8,8,20,14,12,22,14,16,17,24,13,17,24,13,14,18,26,28,21,30,23,18,25,44,40,22,26,28,37,30,38,38,33,23,41,37,28,49,42,45,33,35,29,26,29,40,31,25,31,41,33,38,39,33,23
Barbus oligolepis,Puntius oligolepis,0,0,0,0,0,0,0,0,0,0,0,0,0,0,0,0,0,0,0,0,0,0,0,0,0,0,0,0,0,0,0,0,0,0,0,0,0,0,0,3,0,0,0,3,4,5,1,6,1,6,7,6,2,9,7,2,1,1,2,2
Puntius oligolepis,,0,0,0,0,0,0,0,0,0,0,0,0,0,0,0,0,0,0,0,0,0,0,0,0,0,0,0,0,0,0,0,0,0,0,0,0,0,0,0,8,18,19,23,22,36,16,15,16,19,27,25,23,19,26,26,21,22,19,14,12
Barbus pentazona,Петпоясен барбус,0,0,0,0,0,0,0,0,0,0,0,0,0,0,0,0,0,0,0,0,0,0,0,0,0,0,0,0,0,0,0,0,0,0,0,0,0,0,0,3,0,0,0,7,10,4,1,4,3,3,4,6,4,6,14,1,1,2,4,3
Петпоясен барбус,,0,0,0,0,0,0,0,0,0,0,0,0,0,0,0,0,0,0,0,0,0,0,0,0,0,0,0,1,0,0,0,0,0,0,0,0,0,0,0,6,15,13,20,20,27,14,12,18,15,17,22,20,10,16,18,24,21,18,15,16
Шубертов барбус,Зелен барбус,0,0,0,0,0,0,0,0,0,0,0,0,0,0,0,0,0,0,0,0,0,0,0,0,0,0,0,0,1,0,0,0,0,0,0,0,0,0,0,7,6,4,2,7,0,4,2,2,3,4,4,7,6,9,12,4,5,5,4,5
Зелен барбус,,20,16,25,10,12,9,6,21,17,15,33,37,24,24,26,23,9,24,19,23,21,29,30,22,27,25,22,29,31,38,33,30,34,41,37,51,67,44,50,47,42,22,35,35,33,31,42,27,28,38,47,29,34,41,51,49,62,37,35,49
Barbus tetrazona,Четирипоясен барбус,0,0,0,0,0,0,0,0,0,0,0,0,0,0,0,0,0,0,0,0,0,0,0,0,0,0,0,0,0,0,0,0,0,0,0,0,0,0,0,8,0,1,1,3,1,3,0,3,3,4,5,4,1,10,9,1,0,3,2,3
Четирипоясен барбус,,0,0,0,0,0,0,0,0,0,0,0,0,0,0,0,0,0,0,0,0,0,0,0,0,0,0,0,1,14,36,26,32,28,44,44,53,58,54,42,61,48,36,42,43,68,54,49,52,64,52,87,58,61,60,54,64,72,55,48,52
Barbus titteya,Вишнев барбус,0,0,0,0,0,0,0,0,0,0,0,0,0,0,0,0,0,0,0,0,0,0,0,0,0,0,0,0,0,0,0,0,0,0,0,0,0,0,0,7,0,2,1,5,4,2,1,4,4,5,6,5,3,6,5,2,0,2,4,8
Вишнев барбус,,20,15,29,15,10,14,10,22,18,23,27,30,20,22,34,23,26,22,18,22,22,39,38,23,33,34,31,34,39,38,33,33,37,36,41,65,42,35,34,43,51,34,37,33,38,36,40,33,33,43,48,39,32,32,35,44,60,33,31,36
Barbus filamentosus,Dawkinsia filamentosa,0,0,0,0,0,0,0,0,0,0,0,0,0,0,0,0,0,0,0,0,0,0,0,0,0,0,0,0,0,0,0,0,0,0,0,0,0,0,0,3,0,0,0,2,2,4,3,4,2,4,6,5,1,6,10,2,2,2,2,1
Dawkinsia filamentosa,,0,0,0,0,0,0,0,0,0,0,0,0,0,0,0,0,0,0,0,0,0,0,0,0,0,0,0,0,0,0,0,0,0,0,0,0,0,0,0,6,12,16,12,8,31,19,14,17,11,17,29,17,18,26,28,12,21,15,17,13
Crossocheilus siamensis,Риба лисица,0,0,0,0,0,0,0,0,0,0,0,0,0,0,0,0,0,0,0,0,0,0,0,0,0,0,0,0,0,0,0,0,0,0,0,0,0,0,0,3,0,0,0,3,7,5,2,5,1,4,5,4,2,7,5,2,1,1,3,3
Риба лисица,,0,0,0,0,0,0,0,0,0,0,0,0,0,0,0,0,0,0,0,0,0,0,0,0,0,0,0,1,0,0,0,0,0,0,0,0,0,0,0,11,15,16,25,21,34,25,22,28,30,37,28,30,20,29,35,40,30,20,24,15
Barbus denisonii,Барбус денисони,0,0,0,0,0,0,0,0,0,0,0,0,0,0,0,0,0,0,0,0,0,0,0,0,0,0,0,0,0,0,0,0,0,0,0,0,0,0,0,4,0,0,0,4,4,4,1,4,7,7,11,5,3,7,6,1,0,3,2,2
Барбус денисони,,0,0,0,0,0,0,0,0,0,0,0,0,0,0,0,0,0,0,0,0,0,0,0,0,0,0,0,0,1,0,0,0,0,0,0,0,0,0,0,33,23,29,28,39,51,53,42,67,41,41,45,39,23,25,36,37,35,30,15,30
Brachydanio rerio,Данио,0,0,0,0,0,0,0,0,0,0,0,0,0,0,0,0,0,0,0,0,0,0,0,0,0,0,0,0,0,0,0,0,0,0,0,0,0,0,0,3,0,0,0,1,7,4,4,3,4,5,4,2,3,8,8,2,0,3,3,6
Данио,,0,0,0,0,0,0,0,0,0,0,0,0,0,0,0,0,0,0,0,0,0,0,0,0,0,0,0,0,0,0,0,0,2,0,0,0,0,0,0,0,0,0,0,0,15,103,94,121,191,142,152,143,131,111,104,97,143,92,113,92
Tanichthys albonubes,Кардинал (риба),0,0,0,0,0,0,0,0,0,0,0,0,0,0,0,0,0,0,0,0,0,0,0,0,0,0,0,0,0,0,0,0,0,0,0,0,0,0,0,8,1,3,3,4,5,3,2,2,6,7,8,9,7,7,7,4,3,4,5,6
Кардинал (риба),,79,82,51,47,44,40,27,75,63,95,89,70,113,105,103,82,89,72,69,51,69,101,93,70,115,104,99,102,106,80,54,75,89,104,104,118,116,110,151,95,80,74,57,62,73,85,61,74,97,88,85,78,73,84,68,69,88,68,93,72
Balantiocheilus melanopterus,Сребърна акула,0,0,0,0,0,0,0,0,0,0,0,0,0,0,0,0,0,0,0,0,0,0,0,0,0,0,0,0,0,0,0,0,0,0,0,0,0,0,0,3,1,0,1,3,1,1,1,3,4,6,4,4,2,9,7,1,1,1,5,2
Сребърна акула,,0,0,0,0,0,0,0,0,0,0,0,0,0,0,0,0,0,0,0,0,0,0,0,0,0,0,0,0,1,0,0,0,0,0,0,0,0,0,0,6,20,23,48,42,49,41,29,42,43,36,48,35,24,32,45,56,35,41,36,33
Labeo bicolor,Обикновено лабео,0,0,0,0,0,0,0,0,0,0,0,0,0,0,0,0,0,0,0,0,0,0,0,0,0,0,0,0,0,0,0,0,0,0,0,0,0,0,0,3,0,0,1,3,6,4,2,4,4,7,9,7,0,7,7,6,2,2,2,2
Обикновено лабео,,0,0,0,0,0,0,0,0,0,0,0,0,0,0,0,0,0,0,0,0,0,0,0,0,0,0,0,1,0,0,0,0,0,0,0,0,0,0,0,10,20,10,27,39,43,38,37,32,40,42,62,52,36,39,36,37,45,40,33,39
Labeo erythrurus,Зелено лабео,0,0,0,0,0,0,0,0,0,0,0,0,0,0,0,0,0,0,0,0,0,0,0,0,0,0,0,0,0,5,1,1,1,0,1,2,2,0,1,3,0,2,1,1,4,3,0,3,7,5,6,4,2,10,8,1,0,1,4,4
Зелено лабео,,0,0,0,0,0,0,0,0,0,0,0,0,0,0,0,0,0,0,0,0,0,0,0,0,0,0,0,1,0,19,32,29,34,40,35,42,40,41,38,45,44,35,38,44,43,44,31,24,23,39,54,40,35,37,33,46,51,38,33,27
Cyprinus carpio haematopterus,Кои,0,0,0,0,0,0,0,0,0,0,0,0,0,0,0,0,0,0,0,0,0,0,0,0,0,0,0,0,0,0,0,0,0,0,0,0,0,0,0,4,1,3,4,6,3,6,2,5,7,8,13,12,5,7,13,9,6,8,4,2
Кои,,6,0,1,1,1,0,2,5,6,2,2,0,0,1,4,1,0,0,1,5,1,2,5,1,0,0,0,0,0,0,0,2,0,0,0,0,0,0,0,24,94,115,140,154,152,272,157,137,111,131,134,120,128,108,150,140,150,149,160,133
Carassius auratus auratus,Шлаер,0,0,0,0,0,0,0,0,0,0,0,0,0,0,0,0,0,0,0,0,0,0,0,0,0,0,0,0,0,0,0,0,0,0,0,0,0,0,0,8,5,3,3,8,4,4,11,9,8,9,6,13,8,15,10,20,11,9,7,6
Шлаер,,0,0,0,0,0,0,0,0,0,0,0,0,0,0,0,0,0,0,0,0,0,0,0,0,0,0,0,0,1,0,0,0,0,0,21,794,1017,645,567,479,405,345,382,336,385,418,350,416,402,501,486,463,325,301,384,295,395,386,396,366
Mystus,Мистуси,0,0,0,0,0,0,0,0,0,0,0,0,0,0,0,0,0,0,0,0,0,0,0,0,0,0,0,0,0,0,0,0,0,0,0,0,0,3,0,5,0,1,3,5,7,5,4,6,9,6,8,4,7,8,19,7,11,10,11,9
Мистуси,,0,0,0,0,0,0,0,0,0,0,0,0,0,0,0,0,0,0,0,0,0,0,0,0,0,0,0,0,0,0,0,0,0,0,0,0,0,0,0,17,16,21,20,24,26,19,13,11,20,11,29,28,24,27,24,23,26,24,12,9
Botia macracantha,Тигрова боция,0,0,0,0,0,0,0,0,0,0,0,0,0,0,0,0,0,0,0,0,0,0,0,0,0,0,0,0,0,0,0,0,0,0,0,0,0,0,0,3,0,0,1,2,8,3,1,5,5,6,8,5,2,8,6,6,4,1,2,4
Тигрова боция,,0,0,0,0,0,0,0,0,0,0,0,0,0,0,0,0,0,0,0,0,0,0,0,0,0,0,0,0,0,0,0,0,0,0,0,0,0,0,0,14,32,28,28,42,54,52,35,64,58,49,80,54,62,41,52,46,44,34,31,36
Acantopsis choirorhynchus,Конска глава (риба),0,0,0,0,0,0,0,0,0,0,0,0,0,0,0,0,0,0,0,0,0,0,0,0,0,0,0,0,0,0,0,0,0,0,0,0,0,0,0,7,0,1,3,4,4,3,3,2,3,2,3,7,4,7,8,2,0,4,3,4
Конска глава (риба),,0,0,0,0,0,0,0,0,0,0,0,0,0,0,0,0,0,0,0,0,0,0,0,0,0,0,0,11,15,26,23,28,22,24,28,39,24,31,28,30,32,20,25,25,41,30,22,17,23,30,29,18,17,21,22,38,37,20,12,18
Ancistrus cirrhosus,Тъмен анциструс,0,0,0,0,0,0,0,0,0,0,0,0,0,0,0,0,0,0,0,0,0,0,0,0,0,0,0,0,0,0,0,0,0,0,0,0,0,0,0,7,4,6,9,9,12,9,6,12,11,13,18,14,13,19,19,12,13,15,15,7
Тъмен анциструс,,0,0,0,0,0,0,0,0,0,0,0,0,0,0,0,0,0,0,0,0,0,0,0,0,0,0,0,0,1,0,0,0,0,0,0,0,0,0,0,13,6,13,10,15,23,13,14,14,15,12,16,18,9,13,17,16,15,10,9,12
Pterygoplichthys,Птеригоплихти,0,0,0,0,0,0,0,0,0,0,0,0,0,0,0,0,0,0,0,0,0,0,0,0,0,0,0,0,0,0,0,0,0,0,0,0,0,0,0,4,2,4,2,2,6,4,2,5,1,5,6,4,7,6,8,9,3,2,3,7
Птеригоплихти,,0,0,0,0,0,0,0,0,0,0,0,0,0,0,0,0,0,0,0,0,0,0,0,0,0,0,0,0,0,0,0,0,0,0,0,0,0,0,0,8,11,16,17,20,24,15,17,16,15,19,13,23,12,20,27,34,26,20,11,8
Kryptopterus bicirrhis,Стъклен сом,0,0,0,0,0,0,0,0,0,0,0,0,0,0,0,0,0,0,0,0,0,0,0,0,0,0,0,0,0,0,0,0,0,0,0,0,0,0,0,4,2,3,2,3,3,5,3,3,5,7,3,6,4,8,8,7,6,10,1,6
Стъклен сом,,0,0,0,0,0,0,0,0,0,0,0,0,0,0,0,0,0,0,0,0,0,0,0,0,0,0,0,0,0,0,0,0,0,0,0,0,0,0,0,10,19,25,21,18,32,32,24,26,35,29,39,38,34,30,43,32,39,39,39,27
Kryptopterus cryptopterus,,0,0,0,0,0,0,0,0,0,0,0,0,0,0,0,0,0,0,0,0,0,0,0,0,0,0,0,1,1,0,0,0,0,0,0,0,0,0,0,18,8,17,10,6,30,24,10,13,10,15,15,19,6,12,19,3,11,17,5,9
Synodontis,Синодонтиси,0,0,0,0,0,0,0,0,0,0,0,0,0,0,0,0,0,0,0,0,0,0,0,0,0,0,0,0,0,0,0,0,0,0,0,0,0,0,0,8,3,5,3,5,3,5,2,5,4,6,12,15,9,12,13,15,16,9,11,8
Синодонтиси,,0,0,0,0,0,0,0,0,0,0,0,0,0,0,0,0,0,0,0,0,0,0,0,0,0,0,0,0,0,0,0,0,0,0,0,0,0,0,0,6,14,16,12,22,32,27,51,25,22,27,39,29,29,26,27,34,30,18,17,41
Corydoras trilineatus,Леопардов сом,0,0,0,0,0,0,0,0,0,0,0,0,0,0,0,0,0,0,0,0,0,0,0,0,0,0,0,0,0,0,0,0,0,0,0,0,0,0,0,3,3,2,4,6,6,1,2,4,1,5,6,6,2,11,5,3,1,3,5,5
Леопардов сом,,0,0,0,0,0,0,0,0,0,0,0,0,0,0,0,0,0,0,0,0,0,0,0,0,0,0,0,0,0,0,0,0,0,0,0,0,0,0,0,5,15,14,18,21,24,22,12,15,12,16,19,24,23,22,18,18,21,23,10,11
Corydoras aeneus,Бронзов сом,0,0,0,0,0,0,0,0,0,0,0,0,0,0,0,0,0,0,0,0,0,0,0,0,0,0,0,0,0,0,0,0,0,0,0,0,0,0,0,3,3,0,2,4,5,4,4,8,3,8,11,9,1,6,11,4,2,6,7,5
Бронзов сом,,0,0,0,0,0,0,0,0,0,0,0,0,0,0,0,0,0,0,0,0,0,0,0,0,0,0,0,0,0,0,0,0,0,0,0,0,0,0,0,5,17,18,34,26,29,19,28,11,13,26,21,27,22,18,25,21,25,20,14,15
Corydoras paleatus,,0,0,0,0,0,0,0,0,0,0,0,0,0,0,0,0,0,0,0,0,0,0,0,0,0,0,0,0,0,0,0,0,0,0,0,0,0,0,0,9,13,22,20,24,40,27,17,18,18,28,27,21,13,22,24,15,26,24,17,17
Heteropneustes fossilis,Сом фосилис,0,0,0,0,0,0,0,0,0,0,0,0,0,0,0,0,0,0,0,0,0,0,0,0,0,0,0,0,0,0,0,0,0,0,0,0,0,0,0,4,2,1,1,3,4,4,2,1,0,3,5,8,4,7,8,1,0,3,3,4
Сом фосилис,,0,0,0,0,0,0,0,0,0,0,0,0,0,0,0,0,0,0,0,0,0,0,0,0,0,0,0,1,0,0,0,0,0,0,0,0,0,0,0,7,14,22,22,21,39,20,21,22,23,27,33,30,26,24,32,39,41,36,20,18
Clarias,Клариаси,0,0,0,0,0,0,0,0,0,0,0,0,0,0,0,0,0,0,0,0,0,0,0,0,0,0,0,0,0,0,0,0,0,0,0,0,0,0,0,8,0,4,3,4,8,2,3,4,4,4,8,4,2,3,6,7,5,3,4,1
Клариаси,,0,0,0,0,0,0,0,0,0,0,0,0,0,0,0,0,0,0,0,0,0,0,0,0,0,0,0,0,0,0,0,9,30,23,32,28,28,17,18,17,33,17,25,25,33,20,14,17,17,27,30,35,37,29,29,34,32,23,32,17
Hemichromis lifalili,,0,0,0,0,0,0,0,0,0,0,0,0,0,0,0,0,0,0,0,0,0,0,0,0,0,0,0,0,0,0,0,0,0,0,0,0,0,0,0,8,20,19,21,22,26,29,27,15,28,19,22,24,19,22,28,35,27,23,19,18
Pelvicachromis pulcher,Крибензис,0,0,0,0,0,0,0,0,0,0,0,0,0,0,0,0,0,0,0,0,0,0,0,0,0,0,0,0,0,0,0,0,0,0,0,0,0,0,0,8,1,1,4,7,4,4,2,2,4,3,6,15,5,9,7,7,2,6,2,4
Крибензис,,0,0,0,0,0,0,0,0,0,0,0,0,0,0,0,0,0,0,0,0,0,0,0,0,0,0,0,17,23,34,22,27,43,38,30,45,45,35,39,26,33,34,32,29,55,33,55,36,58,85,51,45,32,31,41,33,49,43,38,42
Melanochromis auratus,Златен меланохромис,0,0,0,0,0,0,0,0,0,0,0,0,0,0,0,0,0,0,0,0,0,0,0,0,0,0,0,0,0,7,2,1,0,2,5,21,24,0,1,4,0,2,4,7,2,5,2,3,4,4,6,2,3,6,5,2,1,2,5,4
Златен меланохромис,,0,0,0,0,0,0,0,0,0,0,0,0,0,0,0,0,0,0,0,0,0,0,0,0,0,0,0,0,0,25,32,18,26,34,30,30,30,43,33,17,24,21,30,25,50,26,28,17,21,33,31,38,18,34,31,44,38,22,25,17
Labidochromis caeruleus,,0,0,0,0,0,0,0,0,0,0,0,0,0,0,0,0,0,0,0,0,0,0,0,0,0,0,0,0,0,0,0,0,0,0,0,0,0,0,0,0,0,0,0,0,0,0,0,0,0,0,0,0,0,0,0,0,0,0,0,9
Neolamprologus brichardi,,0,0,0,0,0,0,0,0,0,0,0,0,0,0,0,0,0,0,0,0,0,0,0,0,0,0,0,0,0,0,0,0,0,0,0,0,0,0,0,0,0,0,0,0,0,0,0,0,0,0,0,0,0,0,0,0,0,0,0,9
Nimbochromis venustus,,0,0,0,0,0,0,0,0,0,0,0,0,0,0,0,0,0,0,0,0,0,0,0,0,0,0,0,0,0,0,0,0,0,0,0,0,0,0,0,0,0,0,0,0,0,0,0,0,0,0,0,0,0,0,0,0,0,0,0,7
Macropodus opercularis,,0,0,0,0,0,0,0,0,0,0,0,0,0,0,0,0,0,0,0,0,0,0,0,0,0,0,0,0,0,0,0,0,0,0,0,0,0,0,0,0,0,0,0,0,0,0,0,0,0,0,0,0,0,0,0,0,0,0,0,10
Poecilia reticulata,Гупа,0,0,0,0,0,0,0,0,0,0,0,0,0,0,0,0,0,0,0,0,0,0,0,0,0,0,0,0,0,0,0,0,0,0,0,0,0,0,0,0,0,0,0,0,0,0,0,0,0,0,11,15,17,21,29,22,18,11,15,27
Гупа,,0,0,0,0,0,0,0,0,1,0,0,0,0,0,1,0,0,1,0,1,0,0,0,0,1,0,0,0,0,0,2,0,0,0,0,0,0,0,0,0,0,0,0,0,1,0,0,0,0,0,154,461,484,365,372,402,436,449,547,470
Poecilia latipinna,,0,0,0,0,0,0,0,0,0,0,0,0,0,0,0,0,0,0,0,0,0,0,0,0,0,0,0,0,0,0,0,0,0,0,0,0,0,0,0,0,0,0,0,0,0,0,0,0,0,0,0,0,0,0,0,0,0,0,0,10
Pangasius,Пангасиуси,0,0,0,0,1,0,0,0,0,1,0,0,0,0,0,0,1,0,0,0,0,0,0,0,0,0,0,0,0,0,0,0,0,0,0,1,0,0,0,0,0,1,0,0,0,0,0,0,0,0,10,2,0,1,6,2,1,2,3,4
Пангасиуси,,0,0,0,0,0,0,0,0,0,0,0,0,0,0,0,0,0,0,0,0,0,0,0,0,0,0,0,0,0,0,0,16,140,94,138,217,140,144,142,226,155,115,282,399,284,331,386,799,509,258,260,244,127,61,62,85,98,92,81,433
